0.0,0.0,100.0,0.0,0.0,0.0,0.0,0.0,0.0,0.0
0.0,100.0,100.0,0.0,0.0,0.0,0.0,0.0,0.0,0.0
0.0,100.0,99.99767809647689,0.0,0.0,0.0,0.0,0.0,25.053590663616383,0.0
0.0,99.99383943001442,0.0,0.0,0.0,0.0,0.0,0.0,0.0,24.99272516883326
0.0,99.99383943001442,0.0,0.0,0.0,0.0,0.0,0.0,25.041194032907022,0.0
0.0,99.99383943001442,0.0,0.0,0.0,0.0,99.92245844320324,0.0,25.041194032907022,0.0
0.0,99.99383943001442,0.0,0.0,0.0,100.0,99.92245844320324,0.0,25.041194032907022,0.0
0.0,99.99383943001442,0.0,0.0,0.0,100.0,99.92245844320324,100.0,25.041194032907022,0.0
0.0,0.0,100.0,0.0,0.0,100.0,100.0,100.0,99.99742161705173,0.0
0.0,0.0,100.0,100.0,0.0,100.0,99.99665828858187,100.0,0.0,0.0
99.88290456173334,0.0,100.0,100.0,0.0,100.0,99.99665828858187,100.0,0.0,0.0
99.88290456173334,0.0,100.0,100.0,0.0,0.0,99.99665828858187,100.0,25.059788978971064,0.0
100.0,0.0,100.0,99.92600919794421,0.0,0.0,99.99236954354129,100.0,50.008513265608535,0.0
100.0,0.0,0.0,98.83958853950351,0.0,0.0,0.0,99.98125373205792,24.732404077369775,0.0
100.0,0.0,99.18762400021053,98.83958853950351,0.0,0.0,0.0,99.98125373205792,0.0,0.0
100.0,0.0,99.18762400021053,100.0,0.0,0.0,0.0,99.98125373205792,0.0,0.0
100.0,0.0,50.151324250918336,99.97539195514607,0.0,0.0,0.0,0.0,0.0,0.0
99.9856229925602,0.0,33.25250847071759,33.1358300824416,0.0,0.0,33.157835415723355,0.0,0.0,0.0
99.9856229925602,0.0,49.878762706076394,49.703745123662394,0.0,0.0,49.736753123585025,0.0,12.437254411127991,0.0
99.9856229925602,0.0,49.878762706076394,0.0,0.0,0.0,49.736753123585025,50.277857547497526,12.437254411127991,0.0
99.9856229925602,49.9152986610216,49.878762706076394,0.0,0.0,0.0,49.736753123585025,50.277857547497526,12.437254411127991,0.0
100.0,100.0,99.98053031247802,99.62971265473311,0.0,0.0,0.0,100.0,24.930115026776676,0.0
100.0,100.0,99.9904544535231,99.4418288552194,0.0,0.0,0.0,100.0,0.0,0.0
99.97923502792786,100.0,0.0,99.04731626863783,0.0,99.39125202753655,0.0,100.0,0.0,0.0
0.0,99.55499915584335,0.0,98.5788325720722,0.0,98.92114154993554,0.0,99.97845142670265,24.6398085127923,0.0
99.50634345074822,99.55499915584335,0.0,98.5788325720722,0.0,98.92114154993554,0.0,99.97845142670265,24.6398085127923,0.0
99.50634345074822,99.55499915584335,0.0,98.5788325720722,0.0,98.92114154993554,0.0,99.97845142670265,49.28578005922962,0.0
99.92945696717211,99.97831956245899,0.0,98.99800219531512,0.0,99.34176671410486,0.0,0.0,74.24606632156299,0.0
99.92945696717211,99.97831956245899,0.0,98.99800219531512,0.0,99.34176671410486,0.0,0.0,98.99680943996566,0.0
100.0,0.0,0.0,99.98428366176908,0.0,100.0,0.0,100.0,99.97673178952394,0.0
100.0,100.0,0.0,0.0,0.0,99.98507578871674,0.0,100.0,100.0,0.0
100.0,100.0,0.0,0.0,0.0,99.98507578871674,0.0,100.0,100.0,0.0
0.0,99.9791338719198,0.0,99.48052067300529,0.0,99.97869506002112,0.0,100.0,100.0,0.0
0.0,99.9791338719198,0.0,99.48052067300529,0.0,99.97869506002112,0.0,100.0,100.0,24.91903681399429
100.0,99.9791338719198,0.0,99.48052067300529,0.0,99.97869506002112,0.0,100.0,100.0,24.91903681399429
100.0,99.9791338719198,0.0,99.48052067300529,0.0,99.97869506002112,0.0,100.0,100.0,0.0
100.0,99.9791338719198,0.0,99.48052067300529,100.0,99.97869506002112,0.0,100.0,100.0,0.0
100.0,99.9791338719198,0.0,99.48052067300529,100.0,99.97869506002112,0.0,100.0,100.0,0.0
100.0,99.9791338719198,0.0,99.48052067300529,100.0,99.97869506002112,0.0,100.0,100.0,0.0
100.0,99.9791338719198,0.0,99.48052067300529,100.0,99.97869506002112,99.77487311995372,100.0,100.0,0.0
66.93453062562841,66.91731659301405,67.20462478315753,0.0,0.0,0.0,66.78060225195614,67.13717862764301,99.99506207336756,0.0
0.0,80.2858983734568,100.0,0.0,0.0,0.0,80.12187156767308,80.54968392056354,99.99506207336756,0.0
0.0,0.0,100.0,0.0,100.0,0.0,100.0,100.0,99.99531286330122,0.0
0.0,0.0,100.0,0.0,100.0,0.0,100.0,0.0,99.99531286330122,0.0
100.0,0.0,100.0,0.0,100.0,0.0,100.0,0.0,50.563923130125545,0.0
100.0,0.0,100.0,0.0,100.0,0.0,100.0,100.0,50.563923130125545,0.0
99.19837817127166,0.0,99.98016623299974,0.0,99.77022879318977,0.0,49.44417623520612,49.93813416773939,0.0,0.0
100.0,99.54183029203865,99.98016623299974,0.0,100.0,0.0,98.88835247041224,99.87626833547878,0.0,0.0
100.0,100.0,99.98016623299974,0.0,100.0,0.0,98.88835247041224,99.87626833547878,0.0,0.0
99.42168617615945,99.7659114507751,0.0,0.0,99.99482410563067,0.0,49.54311405658722,50.0380603991906,0.0,0.0
49.69843708780818,100.0,0.0,0.0,99.99482410563067,0.0,49.54311405658722,50.0380603991906,0.0,0.0
99.42168617615945,100.0,0.0,0.0,99.99482410563067,0.0,0.0,50.0380603991906,0.0,0.0
99.27222980247662,100.0,0.0,0.0,99.98462641790393,0.0,0.0,99.82712811427709,0.0,0.0
99.27222980247662,100.0,0.0,0.0,99.98462641790393,0.0,0.0,0.0,0.0,0.0
33.3313730455156,99.98024036910489,0.0,0.0,33.57056538956202,0.0,0.0,0.0,0.0,0.0
33.3313730455156,99.98024036910489,0.0,0.0,33.57056538956202,33.257585186113545,0.0,0.0,0.0,0.0
33.3313730455156,99.98024036910489,0.0,0.0,33.57056538956202,33.257585186113545,0.0,0.0,0.0,0.0
33.3313730455156,99.98024036910489,0.0,0.0,67.16620214984067,33.257585186113545,0.0,0.0,0.0,0.0
33.3313730455156,99.98024036910489,33.429863809972005,0.0,67.16620214984067,33.257585186113545,0.0,0.0,0.0,0.0
33.3313730455156,99.98024036910489,33.429863809972005,0.0,100.0,33.257585186113545,0.0,0.0,0.0,0.0
33.3313730455156,99.98024036910489,33.429863809972005,0.0,100.0,66.54000800119357,0.0,0.0,0.0,0.0
50.00950593610219,99.98024036910489,100.0,0.0,100.0,99.79759318730711,0.0,0.0,0.0,12.462013692456647
0.0,99.9907092974446,100.0,99.26877310567264,100.0,100.0,0.0,0.0,0.0,24.929702491685184
0.0,0.0,66.51844984316429,32.69537401618952,99.98459571105106,65.91313883220306,0.0,0.0,0.0,8.210899778224432
0.0,0.0,99.77767476474645,49.030741742439446,99.98459571105106,49.422436426557674,49.53424499222674,0.0,0.0,12.31325588445111
0.0,0.0,99.77767476474645,49.030741742439446,99.98459571105106,49.422436426557674,49.53424499222674,0.0,12.208986779314468,12.31325588445111
0.0,0.0,99.77767476474645,49.030741742439446,99.98459571105106,49.422436426557674,49.53424499222674,0.0,24.42410872786477,0.0
0.0,0.0,99.77767476474645,49.030741742439446,99.98459571105106,0.0,49.53424499222674,0.0,36.639230676415075,0.0
0.0,49.387319806878814,99.77767476474645,49.030741742439446,99.98459571105106,0.0,49.53424499222674,0.0,48.85435262496538,0.0
49.75162843734759,49.387319806878814,99.77767476474645,49.030741742439446,99.98459571105106,0.0,49.53424499222674,0.0,36.639230676415075,0.0
49.75162843734759,49.387319806878814,99.77767476474645,49.030741742439446,99.98459571105106,0.0,49.53424499222674,0.0,24.42410872786477,0.0
99.5282576930054,49.387319806878814,99.77767476474645,49.030741742439446,99.98459571105106,0.0,49.53424499222674,0.0,12.208986779314468,0.0
98.91884093806844,98.31482598377818,98.86288722602129,48.932640764532515,99.99108988144732,0.0,49.363536843503,0.0,0.0,0.0
98.91884093806844,98.31482598377818,98.86288722602129,48.932640764532515,99.99108988144732,0.0,0.0,0.0,0.0,0.0
98.91884093806844,98.31482598377818,98.86288722602129,0.0,99.99108988144732,0.0,0.0,0.0,12.211892668112982,0.0
100.0,100.0,100.0,0.0,99.99108988144732,0.0,0.0,0.0,48.84757067245193,0.0
100.0,100.0,100.0,0.0,99.99108988144732,0.0,98.727073687006,0.0,48.84757067245193,0.0
100.0,100.0,100.0,0.0,99.99108988144732,0.0,98.727073687006,0.0,24.423785336225965,0.0
100.0,100.0,100.0,0.0,99.99108988144732,0.0,98.727073687006,0.0,24.423785336225965,0.0
100.0,99.43091255523882,99.98519548161437,0.0,0.0,0.0,49.91146712128154,0.0,12.347443444449253,0.0
100.0,100.0,99.98519548161437,0.0,0.0,0.0,99.84784016428027,0.0,24.70104828782288,0.0
100.0,99.97655487906403,0.0,0.0,0.0,0.0,100.0,0.0,24.83659906415915,0.0
99.99062887602257,0.0,0.0,0.0,0.0,0.0,100.0,0.0,0.0,24.812296492196975
99.99062887602257,0.0,0.0,0.0,0.0,0.0,100.0,0.0,0.0,0.0
99.99062887602257,0.0,0.0,49.21886518200208,50.297790046171556,0.0,100.0,0.0,0.0,0.0
99.99062887602257,0.0,0.0,49.21886518200208,50.297790046171556,0.0,100.0,0.0,0.0,12.406148246098487
99.99062887602257,0.0,0.0,49.21886518200208,100.0,0.0,100.0,0.0,0.0,12.406148246098487
99.99062887602257,0.0,0.0,0.0,100.0,0.0,100.0,0.0,0.0,12.406148246098487
99.99062887602257,0.0,0.0,0.0,100.0,0.0,100.0,0.0,0.0,0.0
99.99062887602257,49.45627737937056,0.0,0.0,100.0,0.0,100.0,0.0,0.0,0.0
33.247008902361976,32.8885479127916,0.0,0.0,66.89631187368997,0.0,99.98987304460243,33.677746306970754,0.0,0.0
49.870513353542954,49.33282186918741,49.698446443156406,0.0,100.0,0.0,99.98987304460243,50.51661946045613,0.0,0.0
49.82368311488497,99.16846691623304,49.920446139908414,0.0,99.97092971435583,0.0,99.98997635128572,50.67341507159622,0.0,0.0
0.0,99.16846691623304,49.920446139908414,0.0,99.97092971435583,0.0,99.98997635128572,50.67341507159622,0.0,0.0
0.0,99.16846691623304,49.920446139908414,0.0,99.97092971435583,0.0,99.98997635128572,50.67341507159622,0.0,0.0
0.0,99.16846691623304,49.920446139908414,0.0,99.97092971435583,0.0,99.98997635128572,50.67341507159622,0.0,0.0
0.0,100.0,99.86586498924149,0.0,100.0,0.0,99.98997635128572,100.0,0.0,24.798926694217343
0.0,99.19326523254118,0.0,0.0,99.99592869652997,0.0,50.0074900481549,50.69876445382313,0.0,24.8051279762114
0.0,99.19326523254118,0.0,0.0,99.99592869652997,49.81251086007204,50.0074900481549,50.69876445382313,0.0,12.4025639881057
0.0,99.19326523254118,0.0,0.0,99.99592869652997,49.81251086007204,50.0074900481549,50.69876445382313,0.0,12.4025639881057
0.0,99.19326523254118,0.0,0.0,99.99592869652997,99.62502172014408,50.0074900481549,0.0,0.0,12.4025639881057
0.0,99.19326523254118,0.0,0.0,99.99592869652997,99.62502172014408,50.0074900481549,0.0,0.0,24.8051279762114
0.0,99.01948187626664,0.0,0.0,99.97774470696062,98.94068394578845,49.6358907611666,0.0,0.0,12.32503173589112
0.0,99.01948187626664,49.61353025916806,0.0,99.97774470696062,98.94068394578845,49.6358907611666,0.0,0.0,12.32503173589112
0.0,99.01948187626664,99.22706051833612,0.0,99.97774470696062,98.94068394578845,49.6358907611666,0.0,0.0,12.32503173589112
0.0,99.01948187626664,99.22706051833612,0.0,99.97774470696062,98.94068394578845,49.6358907611666,0.0,12.390277763111039,12.32503173589112
0.0,99.01948187626664,99.22706051833612,98.45839632039237,99.97774470696062,98.94068394578845,49.6358907611666,0.0,12.390277763111039,0.0
0.0,99.01948187626664,100.0,100.0,99.97774470696062,100.0,99.2717815223332,0.0,24.780555526222077,0.0
0.0,100.0,100.0,100.0,99.97774470696062,100.0,0.0,0.0,24.780555526222077,0.0
0.0,100.0,100.0,100.0,99.97774470696062,100.0,99.2717815223332,0.0,24.780555526222077,0.0
0.0,99.98782685950997,100.0,99.42125425833001,0.0,99.90825833743482,50.10885060292295,0.0,25.022892954888743,0.0
50.08091508915315,99.98782685950997,100.0,99.42125425833001,0.0,49.9417243688245,50.10885060292295,0.0,12.50833958733326,0.0
100.0,100.0,100.0,100.0,0.0,99.97669788008805,100.0,0.0,25.164455759342058,0.0
50.09882478404146,50.01806445249982,99.99243216430963,99.20494154308336,0.0,0.0,100.0,50.87072864863889,0.0,0.0
50.09882478404146,0.0,99.99243216430963,99.20494154308336,0.0,49.79057110051863,100.0,50.87072864863889,0.0,0.0
0.0,0.0,99.99243216430963,99.20494154308336,0.0,49.79057110051863,100.0,50.87072864863889,0.0,12.496699906954694
0.0,100.0,99.99243216430963,99.20494154308336,0.0,99.60586443097795,100.0,100.0,0.0,24.999604729454052
0.0,100.0,99.99243216430963,99.20494154308336,0.0,99.60586443097795,100.0,100.0,0.0,49.999209458908105
0.0,100.0,0.0,99.99286860423467,0.0,100.0,100.0,0.0,0.0,50.39632405376665
0.0,100.0,0.0,99.99286860423467,0.0,100.0,100.0,0.0,25.270241058033655,25.198162026883324
0.0,100.0,0.0,99.99286860423467,0.0,100.0,0.0,100.0,0.0,25.198162026883324
0.0,50.415427427296244,0.0,99.99286860423467,0.0,50.18612677956943,0.0,51.27486551973035,0.0,12.59597855566933
0.0,50.61045052537659,0.0,99.98488753676703,50.996183270095585,50.428532911464075,0.0,51.27501951294708,0.0,12.573055190397417
0.0,50.61045052537659,0.0,99.98488753676703,50.996183270095585,50.428532911464075,0.0,51.27501951294708,0.0,12.573055190397417
0.0,99.99987097899374,0.0,98.75445574330448,100.0,0.0,0.0,100.0,25.09016136497913,24.842772269357376
0.0,99.99987097899374,0.0,98.75445574330448,100.0,0.0,0.0,100.0,25.09016136497913,0.0
0.0,99.99987097899374,0.0,98.75445574330448,100.0,0.0,99.21999133892376,100.0,25.09016136497913,0.0
0.0,99.99987097899374,0.0,98.75445574330448,100.0,0.0,99.21999133892376,100.0,25.09016136497913,24.842772269357376
0.0,99.99987097899374,0.0,0.0,100.0,99.64042470394158,99.21999133892376,100.0,25.09016136497913,24.842772269357376
0.0,0.0,0.0,0.0,99.43125837005343,49.16223297129437,0.0,99.97492726305785,12.379396835947839,12.25733593155435
0.0,0.0,0.0,0.0,0.0,49.16223297129437,0.0,99.97492726305785,12.379396835947839,12.25733593155435
0.0,0.0,98.52001964823906,0.0,0.0,98.32446594258874,0.0,99.97492726305785,0.0,24.5146718631087
0.0,0.0,98.58510257558078,0.0,99.7714631841198,98.07283156365014,0.0,99.97884263279968,0.0,0.0
0.0,0.0,98.58510257558078,97.83405950077703,99.7714631841198,98.07283156365014,0.0,99.97884263279968,0.0,0.0
0.0,0.0,98.58510257558078,97.83405950077703,99.7714631841198,98.07283156365014,97.88286840592636,99.97884263279968,0.0,0.0
0.0,0.0,98.58510257558078,97.83405950077703,99.7714631841198,98.07283156365014,97.88286840592636,99.97884263279968,0.0,0.0
0.0,98.38467510721959,98.58510257558078,97.83405950077703,99.7714631841198,98.07283156365014,97.88286840592636,99.97884263279968,0.0,0.0
0.0,98.38467510721959,98.58510257558078,97.83405950077703,99.7714631841198,98.07283156365014,97.88286840592636,99.97884263279968,0.0,24.59352411631405
0.0,98.38467510721959,98.58510257558078,97.83405950077703,99.7714631841198,98.07283156365014,97.88286840592636,99.97884263279968,0.0,24.59352411631405
98.03785997902773,98.38467510721959,98.58510257558078,97.83405950077703,99.7714631841198,98.07283156365014,97.88286840592636,99.97884263279968,0.0,0.0
98.03785997902773,98.38467510721959,98.58510257558078,97.83405950077703,99.7714631841198,98.07283156365014,97.88286840592636,99.97884263279968,0.0,0.0
98.03785997902773,98.38467510721959,98.58510257558078,97.83405950077703,99.7714631841198,98.07283156365014,97.88286840592636,99.97884263279968,0.0,0.0
97.69752865120678,98.51879525796949,98.19776359149077,98.3051068906211,99.51327102415163,97.77684825276395,97.94351249232056,99.99515641645364,0.0,0.0
97.69752865120678,98.51879525796949,98.19776359149077,98.3051068906211,99.51327102415163,97.77684825276395,97.94351249232056,99.99515641645364,24.848966740820412,0.0
97.69752865120678,98.51879525796949,98.19776359149077,98.3051068906211,99.51327102415163,97.77684825276395,97.94351249232056,99.99515641645364,24.848966740820412,0.0
97.69752865120678,98.51879525796949,98.19776359149077,98.3051068906211,99.51327102415163,97.77684825276395,97.94351249232056,99.99515641645364,24.848966740820412,0.0
97.69752865120678,98.51879525796949,98.19776359149077,98.3051068906211,99.51327102415163,97.77684825276395,97.94351249232056,99.99515641645364,24.848966740820412,0.0
99.91736646453893,0.0,100.0,100.0,100.0,99.99848832919635,100.0,0.0,0.0,0.0
0.0,0.0,99.98272672670595,100.0,0.0,0.0,100.0,100.0,0.0,0.0
0.0,0.0,0.0,99.99274821063177,0.0,99.45542075495732,100.0,100.0,0.0,0.0
0.0,0.0,0.0,99.99274821063177,100.0,99.45542075495732,99.62494618317585,100.0,0.0,0.0
0.0,100.0,0.0,99.99274821063177,100.0,99.45542075495732,0.0,100.0,0.0,0.0
0.0,99.83581157085705,99.14326217277042,99.99882326027272,100.0,99.18129519379069,0.0,100.0,0.0,0.0
0.0,99.83581157085705,99.14326217277042,99.99882326027272,100.0,99.18129519379069,0.0,100.0,0.0,0.0
0.0,99.83581157085705,99.14326217277042,99.99882326027272,100.0,99.18129519379069,0.0,100.0,25.304126306440622,0.0
0.0,99.83581157085705,99.14326217277042,99.99882326027272,100.0,99.18129519379069,0.0,0.0,25.304126306440622,0.0
0.0,99.83581157085705,99.14326217277042,99.99882326027272,100.0,99.18129519379069,0.0,0.0,25.304126306440622,25.077855106180387
0.0,100.0,0.0,0.0,100.0,99.99587526880191,0.0,0.0,25.511950141212285,25.283820566236127
0.0,100.0,0.0,0.0,0.0,99.99587526880191,0.0,100.0,0.0,25.283820566236127
0.0,99.98489441541284,0.0,0.0,0.0,0.0,99.3184808868206,100.0,0.0,25.115303371645066
0.0,0.0,0.0,0.0,0.0,100.0,100.0,100.0,100.0,99.99935154584922
0.0,0.0,0.0,0.0,33.060079312904534,32.63257148984353,32.628984028920684,99.98902121815713,8.325548774792061,0.0
0.0,0.0,0.0,0.0,32.77044343216663,65.18739563050107,32.45527788411172,99.9831213092841,8.304357868891108,0.0
32.571670120780205,0.0,0.0,0.0,32.77044343216663,65.18739563050107,32.45527788411172,99.9831213092841,8.304357868891108,0.0
100.0,0.0,0.0,0.0,100.0,100.0,99.98001257005237,100.0,0.0,25.2739094697198
100.0,0.0,0.0,0.0,0.0,100.0,99.98001257005237,100.0,0.0,25.2739094697198
100.0,0.0,0.0,100.0,0.0,100.0,99.98001257005237,100.0,0.0,25.2739094697198
100.0,0.0,0.0,100.0,0.0,100.0,99.98001257005237,100.0,0.0,0.0
100.0,0.0,0.0,100.0,0.0,100.0,99.98001257005237,100.0,25.58196565386364,0.0
100.0,0.0,0.0,100.0,0.0,100.0,99.98001257005237,100.0,25.58196565386364,0.0
0.0,0.0,0.0,50.50942608045099,0.0,100.0,99.98001257005237,100.0,12.79098282693182,0.0
0.0,0.0,0.0,50.50942608045099,0.0,100.0,99.98001257005237,100.0,25.58196565386364,0.0
50.38489645436576,0.0,0.0,0.0,0.0,100.0,99.99839376623987,100.0,25.583914697184913,0.0
49.96378375046988,0.0,0.0,0.0,0.0,99.98172914576165,49.569122690220155,100.0,25.363851533163906,0.0
48.89861632296854,0.0,0.0,0.0,0.0,48.92511981500582,48.512368959094985,99.99322260816443,12.411562450784718,0.0
97.79723264593709,0.0,0.0,0.0,0.0,97.85023963001164,97.02473791818997,99.99322260816443,0.0,0.0
97.79723264593709,0.0,0.0,0.0,0.0,97.85023963001164,97.02473791818997,99.99322260816443,24.823124901569436,0.0
97.79723264593709,0.0,0.0,0.0,0.0,97.85023963001164,97.02473791818997,99.99322260816443,24.823124901569436,24.61670764610833
97.79723264593709,0.0,0.0,0.0,0.0,97.85023963001164,97.02473791818997,99.99322260816443,24.823124901569436,24.61670764610833
97.79723264593709,0.0,0.0,0.0,0.0,97.85023963001164,97.02473791818997,99.99322260816443,24.823124901569436,24.61670764610833
97.79723264593709,0.0,0.0,0.0,97.87595143946245,97.85023963001164,0.0,99.99322260816443,0.0,24.61670764610833
97.79723264593709,98.68663539294063,0.0,0.0,97.87595143946245,97.85023963001164,0.0,99.99322260816443,0.0,24.61670764610833
98.16239758831571,99.03849846495203,0.0,0.0,97.72987698621878,97.49168326498719,0.0,99.98226054825491,0.0,24.65557859122031
98.16239758831571,99.03849846495203,0.0,0.0,97.72987698621878,97.49168326498719,96.8449669164869,99.98226054825491,0.0,24.65557859122031
98.16239758831571,99.03849846495203,0.0,97.97909918811439,97.72987698621878,97.49168326498719,96.8449669164869,99.98226054825491,0.0,24.65557859122031
0.0,99.03849846495203,0.0,97.97909918811439,97.72987698621878,97.49168326498719,96.8449669164869,99.98226054825491,24.69378027105472,24.65557859122031
0.0,99.03849846495203,0.0,97.97909918811439,97.72987698621878,97.49168326498719,96.8449669164869,99.98226054825491,24.69378027105472,24.65557859122031
0.0,99.03849846495203,0.0,97.97909918811439,97.72987698621878,0.0,96.8449669164869,99.98226054825491,24.69378027105472,24.65557859122031
0.0,100.0,0.0,100.0,100.0,0.0,100.0,0.0,25.714339648382794,25.67455914658768
0.0,100.0,0.0,100.0,100.0,0.0,100.0,0.0,25.714339648382794,25.67455914658768
0.0,100.0,0.0,100.0,100.0,0.0,0.0,0.0,25.714339648382794,25.67455914658768
0.0,100.0,0.0,100.0,100.0,100.0,0.0,0.0,0.0,25.67455914658768
0.0,100.0,0.0,100.0,100.0,100.0,0.0,100.0,0.0,25.553661799742798
0.0,0.0,0.0,100.0,100.0,100.0,0.0,100.0,0.0,25.553661799742798
0.0,0.0,0.0,100.0,100.0,100.0,0.0,100.0,0.0,25.553661799742798
0.0,0.0,0.0,100.0,100.0,100.0,0.0,100.0,0.0,25.553661799742798
0.0,0.0,0.0,100.0,100.0,100.0,100.0,100.0,0.0,25.553661799742798
0.0,100.0,0.0,100.0,100.0,100.0,100.0,100.0,25.669446468524036,25.553661799742798
0.0,100.0,0.0,100.0,100.0,100.0,100.0,100.0,25.669446468524036,25.553661799742798
0.0,100.0,0.0,100.0,100.0,0.0,100.0,100.0,25.669446468524036,51.11354557703606
0.0,100.0,100.0,100.0,100.0,0.0,100.0,100.0,25.669446468524036,51.11354557703606
0.0,100.0,100.0,100.0,100.0,0.0,100.0,100.0,25.669446468524036,51.11354557703606
0.0,100.0,100.0,99.99507763902807,0.0,0.0,100.0,100.0,25.444769597407397,25.3424246420774
0.0,99.05734271941927,96.95024918912759,0.0,96.88811729956561,0.0,100.0,99.9888221152549,24.480573111678865,0.0
0.0,49.528671359709634,48.475124594563795,0.0,48.444058649782804,0.0,96.5448147462887,99.9888221152549,12.240286555839432,0.0
0.0,49.528671359709634,48.475124594563795,0.0,48.444058649782804,0.0,48.27240737314435,99.9888221152549,0.0,12.191053192731623
0.0,0.0,48.475124594563795,0.0,48.444058649782804,0.0,48.27240737314435,99.9888221152549,0.0,24.382106385463246
0.0,0.0,32.30848457632563,0.0,32.28777924330793,0.0,32.173374325937125,99.9888221152549,0.0,8.125290184209364
0.0,0.0,32.30848457632563,0.0,32.28777924330793,32.24232129502148,0.0,99.9888221152549,0.0,0.0
0.0,0.0,48.475124594563795,0.0,48.444058649782804,48.37585428378128,0.0,99.9888221152549,0.0,12.191053192731623
0.0,0.0,48.475124594563795,0.0,0.0,48.37585428378128,0.0,99.9888221152549,12.240286555839432,12.191053192731623
0.0,0.0,48.475124594563795,0.0,0.0,48.37585428378128,0.0,99.9888221152549,24.480573111678865,12.191053192731623
0.0,0.0,0.0,0.0,0.0,48.11873433417086,0.0,99.97878310206545,12.265126684916067,24.357822433152588
0.0,0.0,0.0,0.0,0.0,48.11873433417086,48.22736335865901,99.97878310206545,12.265126684916067,24.357822433152588
0.0,0.0,0.0,0.0,0.0,48.11873433417086,96.45472671731802,99.97878310206545,0.0,24.357822433152588
0.0,0.0,0.0,47.85028157055701,0.0,0.0,96.45472671731802,99.97878310206545,0.0,24.357822433152588
0.0,49.41721472915958,0.0,47.85028157055701,0.0,0.0,96.45472671731802,99.97878310206545,12.265126684916067,12.178911216576294
48.63724496258743,49.41721472915958,0.0,47.85028157055701,0.0,0.0,96.45472671731802,99.97878310206545,12.265126684916067,0.0
97.27448992517486,49.41721472915958,0.0,47.85028157055701,0.0,0.0,96.45472671731802,99.97878310206545,12.265126684916067,0.0
100.0,98.83442945831916,0.0,95.70056314111402,96.96762356897511,0.0,100.0,99.97878310206545,24.530253369832135,0.0
100.0,51.21650818852898,0.0,49.59252259184395,50.249119803307366,99.76617585284758,99.99140003028634,0.0,12.711703092418142,0.0
100.0,100.0,0.0,99.20958378962152,100.0,100.0,99.99140003028634,0.0,0.0,0.0
100.0,100.0,0.0,98.76847200956989,100.0,100.0,99.98898222076755,0.0,0.0,0.0
50.49730692850311,100.0,0.0,49.37201520894114,0.0,100.0,99.98898222076755,0.0,0.0,0.0
50.49730692850311,100.0,0.0,0.0,0.0,100.0,99.98898222076755,0.0,0.0,0.0
50.49730692850311,51.34801110866483,0.0,49.37201520894114,0.0,100.0,99.98898222076755,0.0,0.0,0.0
33.59820817421196,68.3538623124751,0.0,32.84949922812718,0.0,99.97824196793795,33.25542987001029,0.0,0.0,0.0
33.59820817421196,68.3538623124751,33.26689799645321,32.84949922812718,0.0,99.97824196793795,33.25542987001029,0.0,0.0,0.0
33.59820817421196,68.3538623124751,33.26689799645321,32.84949922812718,0.0,99.97824196793795,66.53560336343577,0.0,0.0,0.0
33.59820817421196,68.3538623124751,33.26689799645321,32.84949922812718,0.0,99.97824196793795,66.53560336343577,0.0,8.4949461295149,0.0
0.0,68.3538623124751,33.26689799645321,32.84949922812718,0.0,99.97824196793795,66.53560336343577,0.0,8.4949461295149,8.417985939122207
0.0,68.3538623124751,33.26689799645321,32.84949922812718,0.0,99.97824196793795,66.53560336343577,0.0,8.4949461295149,8.417985939122207
33.44144043481951,68.58405019544116,33.13762562531994,32.75535576397451,0.0,99.98166058706214,66.22875137822521,0.0,17.045820563080845,8.444032423068663
66.907781420968,34.27926290006605,33.13762562531994,32.75535576397451,0.0,99.98166058706214,66.22875137822521,0.0,8.519738375964856,8.444032423068663
66.907781420968,34.27926290006605,33.13762562531994,32.75535576397451,0.0,99.98166058706214,66.22875137822521,0.0,8.519738375964856,0.0
66.907781420968,34.27926290006605,33.13762562531994,0.0,0.0,99.98166058706214,66.22875137822521,0.0,8.519738375964856,0.0
66.907781420968,0.0,33.13762562531994,0.0,0.0,99.98166058706214,66.22875137822521,0.0,0.0,0.0
66.907781420968,0.0,33.13762562531994,0.0,0.0,99.98166058706214,66.22875137822521,0.0,8.519738375964856,0.0
66.907781420968,0.0,33.13762562531994,0.0,0.0,99.98166058706214,66.22875137822521,34.41381600979859,8.519738375964856,0.0
66.907781420968,0.0,0.0,0.0,0.0,99.98166058706214,66.22875137822521,34.41381600979859,8.519738375964856,8.444032423068663
66.907781420968,0.0,0.0,0.0,0.0,99.98166058706214,66.22875137822521,34.41381600979859,8.519738375964856,0.0
66.907781420968,0.0,0.0,0.0,0.0,99.98166058706214,66.22875137822521,34.41381600979859,8.519738375964856,0.0
67.10538099297928,0.0,0.0,0.0,0.0,99.99132580009345,66.4673506265569,69.22241758615696,8.539883901374868,0.0
67.10538099297928,0.0,0.0,0.0,0.0,99.99132580009345,33.23367531327845,69.22241758615696,8.539883901374868,0.0
33.55269049648964,0.0,0.0,0.0,0.0,99.99132580009345,33.23367531327845,34.61120879307848,8.539883901374868,0.0
0.0,0.0,0.0,0.0,0.0,99.99132580009345,49.850512969917666,51.91681318961773,25.626005784408363,0.0
0.0,0.0,0.0,0.0,49.95080858117693,99.99132580009345,0.0,51.91681318961773,25.626005784408363,0.0
0.0,0.0,0.0,0.0,49.95080858117693,99.99132580009345,0.0,51.91681318961773,25.626005784408363,0.0
0.0,0.0,0.0,0.0,49.95080858117693,99.99132580009345,0.0,0.0,25.626005784408363,25.28595586807758
0.0,0.0,0.0,49.37337700226899,49.95080858117693,99.99132580009345,0.0,0.0,12.809825852062302,12.639843052329383
0.0,100.0,0.0,98.77124476693989,0.0,99.99132580009345,0.0,0.0,25.626005784408363,25.28595586807758
0.0,100.0,0.0,100.0,0.0,0.0,100.0,0.0,26.096207725406686,0.0
0.0,100.0,100.0,100.0,0.0,0.0,100.0,0.0,26.01503763575356,0.0
0.0,100.0,100.0,100.0,0.0,0.0,100.0,0.0,26.01503763575356,0.0
0.0,100.0,100.0,99.9871173204692,100.0,0.0,100.0,0.0,0.0,0.0
100.0,100.0,100.0,99.9871173204692,100.0,0.0,100.0,0.0,0.0,0.0
100.0,0.0,100.0,99.9871173204692,100.0,0.0,100.0,100.0,0.0,25.60874835950863
100.0,0.0,100.0,99.9871173204692,100.0,100.0,100.0,100.0,0.0,25.60874835950863
100.0,0.0,100.0,99.9871173204692,100.0,100.0,100.0,100.0,0.0,25.60874835950863
100.0,0.0,100.0,99.9871173204692,100.0,100.0,100.0,100.0,25.926357205536725,0.0
50.33325027374025,0.0,50.132270129556225,0.0,49.93186336686865,49.865408899627866,99.98754241969553,100.0,12.750979001892363,0.0
0.0,0.0,99.99059342780339,0.0,100.0,99.45832922603373,99.71435241308436,100.0,0.0,0.0
0.0,0.0,0.0,0.0,99.97760469187385,49.86023369923463,50.07380654158092,51.90001576369853,0.0,12.585468145547566
0.0,0.0,0.0,0.0,99.97760469187385,49.86023369923463,50.07380654158092,100.0,0.0,12.585468145547566
0.0,51.3946050073244,0.0,0.0,99.97760469187385,49.86023369923463,50.07380654158092,100.0,0.0,0.0
0.0,51.3946050073244,49.90887539681441,0.0,99.97760469187385,49.86023369923463,100.0,100.0,0.0,12.585468145547566
0.0,100.0,49.90887539681441,0.0,99.97760469187385,49.86023369923463,100.0,100.0,0.0,12.585468145547566
0.0,100.0,49.90887539681441,0.0,99.97760469187385,0.0,100.0,100.0,0.0,0.0
0.0,100.0,49.90887539681441,0.0,99.97760469187385,0.0,100.0,100.0,12.658497994160214,0.0
0.0,99.00116143841176,48.06960409235013,0.0,48.13459981928903,48.022754967290716,96.45691419463894,99.97473156074997,12.191999562104508,0.0
0.0,32.99185550519978,32.038117722357455,0.0,0.0,32.006893046968834,64.3129218479767,99.97473156074997,0.0,0.0
0.0,51.317820238887165,49.834310343930724,0.0,0.0,49.78574131820987,99.99799015524874,100.0,0.0,0.0
50.46963851686418,51.458511028286125,49.72288272303701,0.0,0.0,49.707358230617174,99.98014043594767,100.0,0.0,0.0
48.70760624944249,0.0,47.98692173021277,47.033345672281186,0.0,47.97193924002207,48.23275286550954,99.98935428055164,0.0,0.0
100.0,0.0,99.47056488882865,97.49392738579836,0.0,99.4395081611,99.98014043594767,100.0,0.0,0.0
100.0,0.0,99.47056488882865,97.49392738579836,0.0,99.4395081611,99.98014043594767,100.0,0.0,0.0
100.0,0.0,99.47056488882865,100.0,0.0,99.4395081611,99.98014043594767,100.0,0.0,0.0
100.0,0.0,99.99135318667592,98.00436679619521,0.0,99.96013385827854,0.0,100.0,0.0,25.281988809041522
100.0,0.0,0.0,94.09099798315269,96.82286156133748,100.0,0.0,99.98935428055164,0.0,24.272464950347157
99.98274523141373,0.0,0.0,48.272984240387814,49.67455516941778,98.47263186633987,0.0,0.0,0.0,12.452884368739202
99.98274523141373,50.97087426542456,49.251693310699004,48.272984240387814,49.67455516941778,98.47263186633987,0.0,0.0,0.0,12.452884368739202
99.98274523141373,0.0,98.50338662139801,48.272984240387814,49.67455516941778,98.47263186633987,0.0,0.0,0.0,12.452884368739202
99.9979844092547,0.0,100.0,48.123457299678655,0.0,98.58172551701547,0.0,0.0,0.0,12.390015491645261
99.9979844092547,0.0,100.0,96.24691459935731,0.0,98.58172551701547,0.0,0.0,25.00961370144162,0.0
99.9979844092547,0.0,100.0,96.24691459935731,0.0,0.0,0.0,0.0,25.00961370144162,24.780030983290523
99.9979844092547,0.0,100.0,48.123457299678655,0.0,0.0,0.0,0.0,12.50480685072081,12.390015491645261
99.9979844092547,0.0,100.0,48.123457299678655,0.0,0.0,0.0,0.0,12.50480685072081,12.390015491645261
99.9979844092547,0.0,100.0,48.123457299678655,0.0,49.290862758507735,0.0,0.0,12.50480685072081,0.0
100.0,100.0,100.0,99.98796074986237,0.0,100.0,0.0,0.0,25.981718827646066,0.0
51.942415929895546,52.75376057450669,100.0,99.98796074986237,0.0,51.20676201767235,0.0,0.0,12.990859413823033,0.0
0.0,52.75376057450669,100.0,99.98796074986237,0.0,51.20676201767235,0.0,0.0,12.990859413823033,12.871606199801084
0.0,52.75376057450669,100.0,99.98796074986237,0.0,51.20676201767235,0.0,0.0,12.990859413823033,25.743212399602168
0.0,52.479321493703836,100.0,99.98214487821218,0.0,51.33523513425775,0.0,0.0,12.932077164344244,38.6729168642815
0.0,52.479321493703836,100.0,99.98214487821218,51.26072252421028,51.33523513425775,0.0,0.0,12.932077164344244,25.779856292972358
0.0,52.479321493703836,100.0,99.98214487821218,51.26072252421028,100.0,0.0,0.0,12.932077164344244,25.779856292972358
0.0,0.0,100.0,99.98214487821218,51.26072252421028,100.0,0.0,0.0,0.0,12.886795721663216
0.0,52.479321493703836,100.0,99.98214487821218,51.26072252421028,100.0,0.0,0.0,0.0,0.0
0.0,52.479321493703836,100.0,99.98214487821218,51.26072252421028,100.0,0.0,0.0,0.0,0.0
51.88547565618272,52.479321493703836,100.0,99.98214487821218,0.0,51.33523513425775,0.0,0.0,0.0,0.0
51.88547565618272,52.479321493703836,100.0,99.98214487821218,0.0,51.33523513425775,0.0,53.01169099023478,0.0,0.0
51.88547565618272,100.0,100.0,99.98214487821218,0.0,51.33523513425775,0.0,53.01169099023478,0.0,0.0
51.88547565618272,100.0,100.0,99.98214487821218,51.26072252421028,51.33523513425775,0.0,53.01169099023478,12.932077164344244,0.0
0.0,100.0,100.0,99.99013853702716,51.56763142734444,51.19844121450625,0.0,53.255155229750216,12.900411345766127,0.0
51.85612424602255,100.0,100.0,99.99013853702716,51.56763142734444,51.19844121450625,0.0,53.255155229750216,12.900411345766127,0.0
51.85612424602255,100.0,100.0,99.99013853702716,51.56763142734444,51.19844121450625,0.0,53.255155229750216,12.900411345766127,0.0
50.82403633627162,100.0,99.98878117906548,48.98813145019603,50.54128536495555,0.0,0.0,52.19522252857558,0.0,0.0
100.0,100.0,99.98878117906548,0.0,0.0,0.0,0.0,100.0,0.0,0.0
100.0,100.0,99.98878117906548,0.0,100.0,0.0,0.0,0.0,0.0,25.377107938386416
24.619072578936922,99.97544399801622,0.0,0.0,24.482108512593626,0.0,0.0,0.0,0.0,6.14631291821246
0.0,99.97544399801622,0.0,0.0,32.64281135012483,0.0,0.0,0.0,8.166085628582053,0.0
0.0,99.97544399801622,0.0,0.0,0.0,32.40911036102726,0.0,0.0,8.166085628582053,0.0
0.0,99.97544399801622,0.0,0.0,32.64281135012483,32.40911036102726,0.0,0.0,0.0,0.0
0.0,99.98095182612306,0.0,0.0,48.580311161788764,48.59505490710175,0.0,0.0,0.0,0.0
0.0,99.98095182612306,0.0,47.17610584870623,48.580311161788764,48.59505490710175,0.0,0.0,0.0,0.0
0.0,99.98095182612306,0.0,0.0,48.580311161788764,48.59505490710175,0.0,100.0,0.0,0.0
0.0,99.98095182612306,0.0,0.0,48.580311161788764,48.59505490710175,48.25238134799345,100.0,0.0,0.0
0.0,99.98095182612306,0.0,0.0,48.580311161788764,97.2150303551815,48.25238134799345,100.0,0.0,0.0
0.0,99.98095182612306,0.0,0.0,48.580311161788764,97.2150303551815,48.25238134799345,100.0,0.0,0.0
0.0,99.98095182612306,96.51123986798265,0.0,48.580311161788764,97.2150303551815,48.25238134799345,100.0,0.0,0.0
0.0,99.98095182612306,96.51123986798265,0.0,48.580311161788764,97.2150303551815,48.25238134799345,100.0,0.0,0.0
0.0,99.98095182612306,96.51123986798265,47.17610584870623,48.580311161788764,97.2150303551815,48.25238134799345,100.0,0.0,0.0
0.0,99.98095182612306,96.51123986798265,47.17610584870623,0.0,97.2150303551815,48.25238134799345,100.0,0.0,0.0
0.0,99.986132029266,96.11282767643132,93.96155151129577,0.0,97.59514414340057,0.0,100.0,0.0,0.0
0.0,99.986132029266,96.11282767643132,93.96155151129577,0.0,97.59514414340057,0.0,100.0,0.0,0.0
0.0,99.986132029266,96.11282767643132,93.96155151129577,0.0,97.59514414340057,0.0,100.0,0.0,0.0
0.0,99.986132029266,96.11282767643132,93.96155151129577,0.0,97.59514414340057,0.0,100.0,0.0,0.0
0.0,99.986132029266,96.11282767643132,93.96155151129577,0.0,97.59514414340057,0.0,100.0,0.0,12.256345030371943
0.0,99.986132029266,96.11282767643132,93.96155151129577,0.0,97.59514414340057,0.0,100.0,0.0,12.256345030371943
0.0,99.986132029266,96.11282767643132,93.96155151129577,48.63613789919177,97.59514414340057,0.0,100.0,0.0,12.256345030371943
49.236779448644356,99.986132029266,96.11282767643132,93.96155151129577,48.63613789919177,97.59514414340057,48.229905504196765,100.0,0.0,12.256345030371943
49.236779448644356,99.986132029266,96.11282767643132,93.96155151129577,48.63613789919177,97.59514414340057,48.229905504196765,100.0,0.0,12.256345030371943
49.236779448644356,99.986132029266,96.11282767643132,93.96155151129577,48.63613789919177,97.59514414340057,48.229905504196765,50.47972283874345,0.0,12.256345030371943
48.895943902443655,99.97510504292798,95.97871020383988,94.11707225489107,48.530546241575614,97.12226162689485,47.921772543758806,50.571613920836,0.0,12.196454858839479
97.81700128403598,99.97510504292798,95.97871020383988,94.11707225489107,48.530546241575614,97.12226162689485,47.921772543758806,50.571613920836,0.0,0.0
97.81700128403598,99.97510504292798,95.97871020383988,94.11707225489107,48.530546241575614,97.12226162689485,47.921772543758806,50.571613920836,0.0,12.196454858839479
97.81700128403598,99.97510504292798,95.97871020383988,94.11707225489107,48.530546241575614,97.12226162689485,47.921772543758806,100.0,0.0,12.196454858839479
97.81700128403598,99.97510504292798,95.97871020383988,94.11707225489107,48.530546241575614,97.12226162689485,95.86815822184927,100.0,0.0,12.196454858839479
97.81700128403598,99.97510504292798,47.97703434322882,94.11707225489107,48.530546241575614,97.12226162689485,95.86815822184927,100.0,0.0,12.196454858839479
97.81700128403598,99.97510504292798,47.97703434322882,94.11707225489107,0.0,97.12226162689485,95.86815822184927,100.0,12.051064492904777,12.196454858839479
97.81700128403598,99.97510504292798,47.97703434322882,47.04645434666826,0.0,97.12226162689485,95.86815822184927,50.571613920836,12.051064492904777,12.196454858839479
97.81700128403598,99.97510504292798,47.97703434322882,94.11707225489107,0.0,48.54866325739777,95.86815822184927,50.571613920836,12.051064492904777,0.0
97.81700128403598,99.97510504292798,47.97703434322882,94.11707225489107,0.0,0.0,95.86815822184927,50.571613920836,12.051064492904777,12.196454858839479
97.86725034810954,99.98142142483519,0.0,94.32202763637818,0.0,0.0,96.24410503577622,50.91992818708408,12.044575105373578,0.0
97.86725034810954,99.98142142483519,0.0,47.16101381818909,0.0,0.0,96.24410503577622,50.91992818708408,0.0,12.212834285374194
100.0,99.98142142483519,96.2926922006446,94.32202763637818,0.0,0.0,96.24410503577622,100.0,0.0,24.42566857074839
99.99697801825529,0.0,49.18175139280234,48.17522916911789,49.905084522682614,0.0,49.15693536773516,52.01498040616116,0.0,12.475475882909121
99.99697801825529,0.0,98.3881552925685,48.17522916911789,49.905084522682614,0.0,49.15693536773516,52.01498040616116,0.0,12.475475882909121
99.99697801825529,51.06577975999647,98.3881552925685,48.17522916911789,49.905084522682614,0.0,49.15693536773516,52.01498040616116,0.0,12.475475882909121
99.99697801825529,51.06577975999647,49.18175139280234,48.17522916911789,49.905084522682614,0.0,49.15693536773516,52.01498040616116,0.0,12.475475882909121
99.99697801825529,51.06577975999647,49.18175139280234,48.17522916911789,49.905084522682614,0.0,0.0,100.0,0.0,0.0
99.99697801825529,100.0,49.18175139280234,48.17522916911789,49.905084522682614,0.0,0.0,52.01498040616116,0.0,0.0
99.99697801825529,100.0,49.18175139280234,0.0,49.905084522682614,0.0,0.0,52.01498040616116,0.0,0.0
99.98469529014619,100.0,49.33211993604278,0.0,49.74141960143948,0.0,0.0,100.0,0.0,0.0
99.98469529014619,100.0,0.0,0.0,49.74141960143948,50.09268265784541,0.0,100.0,0.0,0.0
99.98469529014619,100.0,0.0,0.0,99.48283920287896,100.0,98.23478618612832,100.0,0.0,0.0
100.0,100.0,99.15805488646036,0.0,99.98075131100148,100.0,98.72645178265549,100.0,0.0,0.0
97.63270295849611,99.98731385896605,96.343309304524,0.0,97.14265229470314,97.82865251797436,95.92395788245062,100.0,0.0,0.0
100.0,99.98731385896605,96.343309304524,0.0,97.14265229470314,0.0,95.92395788245062,100.0,0.0,0.0
100.0,99.98731385896605,100.0,0.0,97.14265229470314,0.0,95.92395788245062,100.0,0.0,0.0
96.15645245246041,0.0,94.88655501211832,0.0,47.82445798516779,0.0,47.22448054643456,99.98131687188048,0.0,12.039856201540584
96.15645245246041,0.0,100.0,0.0,95.67381157574171,0.0,0.0,99.98131687188048,0.0,72.27047467983574
96.15645245246041,0.0,100.0,0.0,0.0,96.34943916621617,0.0,99.98131687188048,0.0,48.178227288517675
50.655770147140956,0.0,99.99941365754,0.0,0.0,50.90822297928668,0.0,0.0,0.0,12.659601145820485
50.655770147140956,0.0,99.99941365754,0.0,0.0,50.90822297928668,49.65199576957773,0.0,0.0,12.659601145820485
50.655770147140956,0.0,99.99941365754,0.0,0.0,50.90822297928668,49.65199576957773,52.4748548236908,0.0,12.659601145820485
50.655770147140956,0.0,99.99941365754,0.0,50.359826176079025,50.90822297928668,49.65199576957773,52.4748548236908,0.0,12.659601145820485
50.655770147140956,0.0,99.99941365754,0.0,50.359826176079025,50.90822297928668,49.65199576957773,52.4748548236908,12.479858943814007,12.659601145820485
50.655770147140956,0.0,99.99941365754,0.0,50.359826176079025,50.90822297928668,49.65199576957773,52.4748548236908,12.479858943814007,12.659601145820485
50.655770147140956,0.0,99.99941365754,0.0,50.359826176079025,50.90822297928668,49.65199576957773,52.4748548236908,12.479858943814007,12.659601145820485
50.655770147140956,0.0,99.99941365754,49.1357388030134,50.359826176079025,50.90822297928668,49.65199576957773,0.0,12.479858943814007,0.0
0.0,0.0,99.99941365754,49.1357388030134,100.0,50.90822297928668,49.65199576957773,52.4748548236908,24.965874700131128,0.0
0.0,0.0,99.99941365754,49.1357388030134,100.0,50.90822297928668,49.65199576957773,100.0,24.965874700131128,0.0
0.0,0.0,99.99000391342011,98.01114951472707,100.0,100.0,98.5419985380704,100.0,24.85159020140383,25.178967049780727
0.0,0.0,99.99000391342011,98.01114951472707,100.0,0.0,98.5419985380704,100.0,0.0,25.178967049780727
0.0,0.0,99.99000391342011,98.01114951472707,100.0,0.0,98.5419985380704,100.0,0.0,0.0
0.0,0.0,100.0,99.44391904430312,100.0,0.0,99.9825282491076,100.0,0.0,0.0
100.0,0.0,100.0,99.44391904430312,100.0,0.0,99.9825282491076,100.0,0.0,0.0
100.0,0.0,100.0,99.44391904430312,100.0,0.0,99.9825282491076,100.0,0.0,0.0
100.0,0.0,100.0,99.44391904430312,100.0,0.0,99.9825282491076,100.0,0.0,0.0
50.07648837853886,0.0,49.84635477547108,48.85986938147445,99.98852607105866,0.0,0.0,100.0,0.0,0.0
100.0,0.0,49.84635477547108,48.85986938147445,99.98852607105866,0.0,0.0,100.0,0.0,0.0
100.0,0.0,49.84635477547108,48.85986938147445,99.98852607105866,50.45337847569529,0.0,100.0,12.388850219332138,0.0
99.89707162396027,0.0,49.63853064282608,48.63061266852045,99.99275902426233,50.34149207407732,48.95876110327618,100.0,0.0,0.0
99.89707162396027,0.0,0.0,48.63061266852045,99.99275902426233,50.34149207407732,97.94191620809859,100.0,0.0,0.0
99.89707162396027,0.0,49.63853064282608,48.63061266852045,99.99275902426233,50.34149207407732,97.94191620809859,100.0,0.0,0.0
99.89707162396027,0.0,49.63853064282608,48.63061266852045,99.99275902426233,50.34149207407732,97.94191620809859,100.0,0.0,12.554445618766632
99.89707162396027,51.31144165939514,49.63853064282608,48.63061266852045,99.99275902426233,50.34149207407732,97.94191620809859,100.0,12.376439343288476,0.0
99.89707162396027,51.31144165939514,49.63853064282608,0.0,99.99275902426233,50.34149207407732,97.94191620809859,100.0,24.759045323021045,0.0
48.343713615281395,99.37597096665118,0.0,0.0,0.0,0.0,94.81948401018163,99.98893898937297,11.981774610866722,0.0
96.7123081948527,100.0,0.0,94.18395188965569,0.0,0.0,100.0,99.98893898937297,0.0,0.0
99.99659548111988,100.0,0.0,97.38237783496945,0.0,0.0,98.0394922142835,0.0,24.783711868797404,0.0
99.99659548111988,100.0,0.0,97.38237783496945,0.0,0.0,98.0394922142835,0.0,24.783711868797404,25.14016788331993
99.993712655645,100.0,99.1731354900731,96.59470475164892,0.0,0.0,0.0,0.0,0.0,24.910582476400375
0.0,99.99381700648885,97.21495560911438,0.0,0.0,0.0,0.0,0.0,0.0,24.41872143775113
0.0,99.99381700648885,97.21495560911438,0.0,0.0,0.0,0.0,0.0,24.11397152074426,0.0
0.0,99.99381700648885,97.21495560911438,0.0,0.0,0.0,0.0,0.0,24.11397152074426,0.0
0.0,99.99381700648885,97.21495560911438,0.0,0.0,0.0,0.0,0.0,48.22794304148852,0.0
0.0,99.99381700648885,97.21495560911438,0.0,0.0,0.0,95.20070482513768,0.0,48.22794304148852,0.0
0.0,99.99381700648885,97.21495560911438,0.0,0.0,0.0,100.0,0.0,48.22794304148852,0.0
0.0,0.0,99.99110936439762,97.39141188906567,0.0,0.0,100.0,0.0,24.802590799256084,0.0
