0.4,0.0,0.4,0.4,8.32,0.0,0.4,0.4,0.0,0.0,0.0,0.0,0.0,0.0,0.0,0.0
0.08000000000000002,0.0,4.48,0.08000000000000002,1.6640000000000001,0.0,0.08000000000000002,0.08000000000000002,0.0,0.4,0.0,0.0,0.0,0.4,0.4,0.4
0.016000000000000004,0.0,44.336,0.016000000000000004,0.7328000000000001,0.4,0.41600000000000004,0.016000000000000004,0.0,0.08000000000000002,0.4,0.0,0.0,0.08000000000000002,0.48000000000000004,0.08000000000000002
0.003200000000000001,0.0,57.5072,0.003200000000000001,0.54656,0.08000000000000002,0.4832,0.003200000000000001,0.0,0.41600000000000004,0.48000000000000004,0.4,0.0,0.016000000000000004,0.09600000000000002,0.8160000000000001
3.9206400000000006,50.56,11.50144,0.0006400000000000003,0.10931200000000002,0.41600000000000004,0.49664,0.40064,0.0,0.8832000000000001,0.09600000000000002,0.08000000000000002,0.0,0.003200000000000001,0.019200000000000005,0.5632
0.7841280000000002,76.03200000000001,2.300288,0.00012800000000000005,0.4218624,0.08320000000000001,0.09932800000000001,78.48012800000001,0.4,0.17664000000000002,0.019200000000000005,0.016000000000000004,0.4,0.0006400000000000003,0.0038400000000000014,0.11264000000000002
0.15682560000000004,15.606400000000002,17.2600576,2.5600000000000012e-05,0.48437248000000005,0.016640000000000002,0.019865600000000004,50.1760256,0.08000000000000002,0.035328000000000005,0.40384000000000003,0.4032,0.48000000000000004,0.40012800000000004,0.0007680000000000003,0.022528000000000006
0.03136512000000001,3.1212800000000005,3.45201152,5.120000000000003e-06,0.49687449600000005,0.403328,0.003973120000000001,12.435205120000001,0.41600000000000004,0.007065600000000002,40.080768,0.08064,0.09600000000000002,0.48002560000000005,0.00015360000000000007,0.4045056
0.806273024,0.6242560000000001,1.490402304,1.0240000000000005e-06,0.09937489920000002,0.0806656,0.0007946240000000003,81.28704102400002,0.4832,0.0014131200000000003,8.0161536,0.016128,0.4192,0.09600512000000001,0.40003072,0.08090112
0.5612546048,0.5248512000000001,0.6980804608,2.0480000000000011e-07,0.81987497984,0.41613312,0.00015892480000000007,85.4574082048,1.2966400000000002,0.0002826240000000001,1.6032307200000002,0.4032256,0.08384000000000001,0.019201024000000004,0.080006144,0.016180224000000003
0.51225092096,0.10497024000000002,0.13961609216,4.0960000000000024e-08,0.16397499596800003,0.48322662400000005,3.178496000000001e-05,17.09148164096,0.25932800000000006,0.40005652480000004,0.720646144,0.48064512000000004,0.816768,0.003840204800000001,0.0160012288,0.4032360448
0.10245018419200001,0.420994048,0.027923218432000005,0.40000000819200004,0.43279499919360004,0.09664532480000002,6.356992000000003e-06,3.4182963281920005,0.45186560000000003,0.48001130496000005,0.1441292288,0.49612902400000003,0.5633536,0.0007680409600000003,0.00320024576,0.08064720896000001
0.4204900368384,0.48419880960000006,0.005584643686400001,0.08000000163840001,0.08655899983872001,0.019329064960000003,1.2713984000000006e-06,1.0836592656384,0.09037312000000002,0.09600226099200002,0.42882584576000005,0.09922580480000001,0.11267072,0.00015360819200000006,0.000640049152,0.016129441792
0.08409800736768001,0.09683976192000002,0.0011169287372800004,0.016000000327680005,0.017311799967744002,0.003865812992000001,0.40000025427968,0.21673185312768004,0.018074624000000004,0.019200452198400005,74.085765169152,0.019845160960000004,0.422534144,3.072163840000001e-05,0.0001280098304,0.0032258883584000003
0.016819601473536002,0.019367952384000006,4.800223385747457,0.403200000065536,0.40346235999354885,0.4007731625984,0.880000050855936,0.44334637062553606,19.203614924800004,0.003840090439680001,65.8571530338304,0.003969032192000001,0.0845068288,6.144327680000003e-06,2.5601966080000002e-05,0.8006451776716801
0.40336392029470725,0.0038735904768000015,6.160044677149491,0.08064000001310721,0.4806924719987098,0.8801546325196801,0.17600001017118722,66.80866927412512,4.240722984960001,0.400768018087936,13.17143060676608,0.4007938064384,0.016901365760000002,0.400001228865536,0.400005120393216,0.16012903553433602
0.4806727840589415,0.40077471809536,1.6320089354298983,0.016128000002621445,2.4961384943997422,0.5760309265039361,0.4352000020342375,56.16173385482503,0.8481445969920003,0.48015360361758724,16.554286121353215,0.08015876128768001,0.0033802731520000007,0.48000024577310724,0.08000102407864321,0.032025807106867206
0.0961345568117883,2.080154943619072,0.32640178708597967,0.4032256000005243,0.8992276988799485,0.9152061853007872,0.0870400004068475,90.83234677096502,0.16962891939840008,1.2960307207235175,4.110857224270643,0.016031752257536003,0.0006760546304000001,0.4960000491546215,0.01600020481572864,0.40640516142137345
0.01922691136235766,0.41603098872381444,79.2652803574172,0.08064512000010488,0.9798455397759898,0.18304123706015746,0.4174080000813695,58.806469354193005,0.03392578387968002,0.2592061441447035,0.8221714448541286,0.0032063504515072007,0.40013521092608,0.09920000983092431,0.40320004096314577,0.4812810322842747
0.4038453822724716,0.0832061977447629,64.89305607148344,0.016129024000020975,0.595969107955198,0.036608247412031496,0.48348160001627394,81.28129387083861,0.0067851567759360035,0.051841228828940704,0.16443428897082574,0.0006412700903014401,0.080027042185216,0.4198400019661849,0.08064000819262916,0.496256206456855
0.08076907645449433,0.01664123954895258,13.37861121429669,0.4032258048000042,0.1191938215910396,0.007321649482406299,0.09669632000325479,16.256258774167723,0.0013570313551872007,0.8103682457657881,0.4328868577941652,0.00012825401806028803,0.4160054084370432,0.8839680003932371,0.41612800163852587,0.499251241291371
0.016153815290898866,0.0033282479097905163,2.6757222428593384,0.8806451609600009,0.823838764318208,0.4014643298964813,0.01933926400065096,43.89125175483355,0.00027140627103744013,0.5620736491531577,40.326577371558834,2.565080361205761e-05,1.6832010816874088,0.17679360007864742,0.48322560032770523,0.09985024825827421
0.0032307630581797733,0.0006656495819581033,0.9351444485718677,0.17612903219200018,0.16476775286364162,0.08029286597929626,0.4038678528001302,10.77825035096671,5.428125420748803e-05,0.11241472983063155,50.30531547431177,5.130160722411522e-06,0.7366402163374818,0.4353587200157295,0.09664512006554105,0.41997004965165485
0.0006461526116359547,0.00013312991639162066,0.5870288897143736,0.03522580643840004,0.03295355057272833,1.2160585731958595,0.48077357056002606,2.155650070193342,1.0856250841497607e-05,0.42248294596612634,10.061063094862355,1.0260321444823043e-06,0.14732804326749635,0.0870717440031459,0.41932902401310823,0.08399400993033097
0.00012923052232719095,2.6625983278324133e-05,8.117405777942874,0.80704516128768,0.8065907101145458,0.2432117146391719,0.09615471411200521,0.4311300140386684,0.40000217125016835,0.08449658919322528,2.012212618972471,2.0520642889646088e-07,0.4294656086534993,0.01741434880062918,0.08386580480262165,0.4167988019860662
2.584610446543819e-05,0.8000053251966557,2.4234811555885747,0.161409032257536,0.5613181420229092,0.8486423429278345,0.019230942822401044,13.526226002807736,0.08000043425003367,0.4168993178386451,0.4024425237944942,0.4000000410412858,0.08589312173069986,0.0034828697601258364,0.016773160960524332,0.8833597603972133
5.169220893087639e-06,0.16000106503933115,3.2846962311177155,0.0322818064515072,0.5122636284045818,0.1697284685855669,0.003846188564480209,3.9052452005615477,0.4160000868500068,0.883379863567729,0.8804885047588988,0.08000000820825716,0.017178624346139974,0.0006965739520251673,0.0033546321921048665,0.17667195207944267
0.8000010338441786,0.03200021300786623,52.256939246223546,0.006456361290301441,0.5024527256809164,0.03394569371711338,0.0007692377128960419,79.58104904011232,0.08320001737000136,0.5766759727135459,0.1760977009517798,0.016000001641651433,0.403435724869228,0.00013931479040503347,0.400670926438421,0.03533439041588853
0.5600002067688358,0.006400042601573246,10.851387849244711,0.0012912722580602882,0.5004905451361833,0.006789138743422677,0.00015384754257920838,57.916209808022465,0.4166400034740003,0.11533519454270919,0.43521954019035597,0.0032000003283302867,0.0806871449738456,2.7862958081006696e-05,0.0801341852876842,0.0070668780831777064
0.11200004135376716,0.0012800085203146492,25.850277569848945,0.00025825445161205767,0.10009810902723666,0.40135782774868456,3.0769508515841675e-05,11.583241961604493,0.08332800069480006,0.023067038908541837,0.48704390803807124,0.0006400000656660574,0.01613742899476912,0.40000557259161623,0.016026837057536842,0.0014133756166355414
0.8224000082707534,0.00025600170406292987,5.170055513969789,5.1650890322411534e-05,0.4200196218054474,0.08027156554973691,0.4000061539017032,2.7166483923208986,0.016665600138960013,0.004613407781708367,0.49740878160761426,0.00012800001313321147,0.003227485798953824,0.4800011145183233,0.0032053674115073687,0.4002826751233271
0.5644800016541507,5.1200340812585975e-05,10.314011102793957,0.4000103301780645,0.8840039243610895,0.4160543131099474,0.4800012307803407,2.14332967846418,0.003333120027792003,0.4009226815563417,0.49948175632152286,2.5600002626642297e-05,0.0006454971597907649,0.09600022290366467,0.0006410734823014737,0.08005653502466542
0.5128960003308302,0.40001024006816255,48.382802220558794,0.0800020660356129,0.17680078487221793,0.08321086262198948,0.09600024615606814,2.0286659356928363,0.0006666240055584006,0.08018453631126835,0.09989635126430457,0.40000512000052535,0.00012909943195815298,0.019200044580732933,0.00012821469646029477,0.4160113070049331
0.5025792000661661,0.48000204801363255,60.636560444111765,0.4160004132071226,0.43536015697444364,0.41664217252439795,0.4192000492312137,0.40573318713856726,0.00013332480111168013,0.01603690726225367,0.019979270252860917,0.08000102400010507,2.5819886391630598e-05,0.0038400089161465868,0.4000256429392921,0.08320226140098663
0.9005158400132333,0.09600040960272652,27.007312088822356,0.08320008264142453,2.0870720313948885,0.4833284345048796,0.08384000984624274,0.08114663742771346,2.6664960222336025e-05,0.4032073814524508,0.4039958540505722,0.016000204800021015,5.1639772783261195e-06,0.0007680017832293174,0.08000512858785842,2.8166404522801978
0.18010316800264667,0.4192000819205453,13.481462417764472,0.4166400165282849,0.41741440627897775,0.09666568690097593,0.016768001969248547,40.65622932748554,0.4000053329920445,0.08064147629049016,0.08079917081011445,0.4032000409600042,0.4000010327954557,0.0001536003566458635,0.4160010257175717,0.5633280904560396
0.03602063360052934,0.08384001638410907,34.8562924835529,0.483328003305657,0.08348288125579556,0.019333137380195188,0.0033536003938497098,8.131245865497108,0.0800010665984089,0.4161282952580981,0.01615983416202289,0.08064000819200084,0.48000020655909115,3.07200713291727e-05,0.48320020514351436,0.11266561809120793
0.007204126720105868,0.016768003276821816,31.93125849671058,0.4966656006611314,0.016696576251159112,0.0038666274760390377,0.000670720078769942,47.70624917309943,0.4160002133196818,0.08322565905161962,0.003231966832404578,0.01612800163840017,0.09600004131181823,6.14401426583454e-06,0.4966400410287029,0.8225331236182416
0.4014408253440212,0.4033536006553644,6.386251699342116,40.33933312013223,0.0033393152502318225,0.40077332549520783,0.00013414401575398841,84.7412498346199,0.08320004266393637,0.016645131810323923,0.0006463933664809157,0.003225600327680034,0.01920000826236365,1.2288028531669081e-06,0.09932800820574059,0.16450662472364833
0.4802881650688043,0.08067072013107289,1.2772503398684234,8.467866624026447,0.0006678630500463645,0.08015466509904157,2.6828803150797683e-05,38.06824996692398,0.016640008532787274,0.003329026362064785,0.8001292786732962,0.0006451200655360069,0.00384000165247273,1.2000002457605707,0.019865601641148117,0.032901324944729665
0.4960576330137609,0.4161341440262146,0.2554500679736847,1.6935733248052895,0.4001335726100093,0.016030933019808315,5.365760630159537e-06,66.8136499933848,0.003328001706557455,1.200665805272413,0.5600258557346592,0.40012902401310724,0.000768000330494546,0.24000004915211415,0.003973120328229623,0.0065802649889459336
0.4992115266027522,0.4832268288052429,25.01109001359474,0.33871466496105795,0.08002671452200187,0.0032061866039616634,0.4000010731521261,55.12272999867697,0.4006656003413115,0.24013316105448262,0.9120051711469319,0.08002580480262145,0.00015360006609890922,0.04800000983042283,0.0007946240656459247,0.4013160529977892
0.09984230532055044,0.4966453657610486,5.402218002718948,0.0677429329922116,0.016005342904400376,0.0006412373207923327,0.48000021463042525,11.024545999735395,0.0801331200682623,0.44802663221089656,0.1824010342293864,0.4160051609605243,3.072001321978185e-05,0.4096000019660846,0.00015892481312918495,0.4802632105995579
0.01996846106411009,0.09932907315220973,1.0804436005437896,0.01354858659844232,0.0032010685808800754,0.00012824746415846655,2.096000042926085,8.92490919994708,0.01602662401365246,0.48960532644217936,40.196480206845884,0.08320103219210487,6.14400264395637e-06,0.08192000039321692,3.178496262583699e-05,0.09605264211991159
0.40399369221282205,0.419865814630442,2.216088720108758,0.40270971731968846,0.0006402137161760151,2.5649492831693313e-05,0.419200008585217,55.62498183998942,2.4032053248027307,0.4979210652884359,8.439296041369177,0.016640206438420974,1.228800528791274e-06,0.016384000078643386,0.4000063569925252,0.01921052842398232
0.08079873844256441,0.0839731629260884,5.163217744021752,0.0805419434639377,0.00012804274323520304,5.129898566338663e-06,0.48384000171704344,11.524996367997884,0.8806410649605462,0.4995842130576872,1.6878592082738355,0.40332804128768424,2.457601057582548e-07,0.4032768000157287,0.08000127139850505,0.4038421056847965
0.016159747688512884,0.01679463258521768,3.0326435488043506,0.01610838869278754,2.560854864704061e-05,0.40000102597971327,0.0967680003434087,42.70499927359958,0.17612821299210923,20.099916842611538,0.7375718416547672,0.08066560825753685,4.9152021151650965e-08,0.08065536000314574,0.01600025427970101,0.48076842113695933
0.003231949537702577,0.0033589265170435364,0.6065287097608701,0.003221677738557508,5.121709729408122e-06,0.08000020519594266,0.8193536000686817,8.540999854719917,0.03522564259842185,4.019983368522308,0.14751436833095344,0.016133121651507373,9.830404230330194e-09,0.01613107200062915,0.40320005085594024,0.09615368422739187
0.0006463899075405154,0.40067178530340875,1.321305741952174,0.8006443355477115,1.0243419458816244e-06,0.01600004103918853,0.16387072001373637,2.1081999709439834,0.4070451285196844,1.2039966737044616,0.02950287366619069,0.0032266243303014745,0.4000000019660809,0.00322621440012583,0.48064001017118807,0.019230736845478377
0.00012927798150810308,0.08013435706068175,0.6642611483904348,0.16012886710954233,2.0486838917632488e-07,0.003200008207837706,0.03277414400274727,25.3816399941888,0.08140902570393688,0.24079933474089232,0.40590057473323815,0.000645324866060295,0.08000000039321618,0.000645242880025166,5.776128002034238,0.0038461473690956753
2.585559630162062e-05,0.41602687141213635,2.9328522296780872,0.03202577342190847,4.097367783526498e-08,0.40064000164156754,0.006554828800549455,5.07632799883776,0.016281805140787375,0.04815986694817847,0.08118011494664763,0.4001290649732121,0.41600000007864324,0.0001290485760050332,3.1552256004068475,0.0007692294738191351
40.240005171119265,0.08320537428242727,0.9865704459356175,0.006405154684381693,0.4000000081947356,0.08012800032831352,0.0013109657601098911,1.0152655997675522,0.003256361028157475,0.009631973389635694,0.016236022989329527,0.08002581299464243,0.08320000001572865,2.5809715201006643e-05,0.6310451200813696,0.00015384589476382705
8.048001034223853,0.016641074856485454,0.5973140891871236,0.0012810309368763387,0.08000000163894712,0.016025600065662705,0.400262193152022,0.20305311995351044,0.0006512722056314951,0.4019263946779272,0.40324720459786595,0.016005162598928487,0.41664000000314577,0.4000051619430402,0.526209024016274,3.076917895276541e-05
2.009600206844771,0.003328214971297091,13.719462817837426,0.00025620618737526773,0.016000000327789424,0.4032051200131326,0.0800524386304044,0.04061062399070209,0.000130254441126299,2.0803852789355854,0.0806494409195732,0.0032010325197856975,0.08332800000062916,0.08000103238860805,0.5052418048032549,0.4000061538357906
0.8019200413689542,0.40066564299425944,41.70389256356749,5.124123747505355e-05,0.0032000000655578852,0.08064102400262652,0.01601048772608088,0.8081221247981405,2.6050888225259805e-05,0.4160770557871171,0.01612988818391464,0.0006402065039571395,0.016665600000125833,0.4160002064777216,0.10104836096065098,0.08000123076715812
0.16038400827379085,3.280133128598852,86.3407785127135,1.0248247495010711e-05,0.0006400000131115771,0.4161282048005253,0.003202097545216176,0.16162442495962812,0.8000052101776451,0.08321541115742342,0.403225977636783,0.00012804130079142791,0.0033331200000251667,1.2832000412955444,0.0202096721921302,0.016000246153431624
0.03207680165475817,0.6560266257197704,91.6681557025427,2.0496494990021425e-06,0.00012800000262231542,0.08322564096010507,0.0006404195090432352,0.03232488499192562,0.16000104203552903,0.4166430822314847,2.480645195527357,0.4000256082601583,0.4006666240000051,0.2566400082591089,0.00404193443842604,0.003200049230686325
0.006415360330951635,0.5312053251439541,65.13363114050854,4.0992989980042853e-07,2.5600000524463084e-05,0.016645128192021016,0.40012808390180865,72.00646497699839,0.03200020840710581,0.08332861644629695,0.8961290391054715,0.08000512165203166,0.08013332480000102,0.051328001651821775,0.000808386887685208,0.000640009846137265
0.40128307206619035,0.10624106502879083,54.22672622810171,8.198597996008571e-08,15.920005120000106,0.0033290256384042034,0.48002561678036176,14.80129299539968,0.006400041681421162,0.01666572328925939,0.17922580782109432,0.8160010243304063,0.41602666496000024,0.010265600330364355,0.0001616773775370416,0.4001280019692275
0.08025661441323807,0.021248213005758167,10.845345245620344,1.6397195992017142e-08,3.1840010240000214,0.40066580512768085,0.4960051233560724,3.360258599079936,5.041280008336284,0.4033331446578519,0.035845161564218866,0.16320020486608128,2.083205332992,0.002053120066072871,3.2335475507408325e-05,0.4800256003938455
0.016051322882647615,0.8042496426011517,2.5690690491240686,3.2794391984034287e-09,0.6368002048000043,0.08013316102553618,0.09920102467121449,80.27205171981599,1.4082560016672567,0.4806666289315704,0.4071690323128438,0.03264004097321626,0.8166410665984001,0.00041062401321457424,6.4670951014816655e-06,0.0960051200787691
0.40321026457652953,0.9608499285202304,0.5138138098248137,0.40000000065588787,0.12736004096000086,0.016026632205107236,0.0198402049342429,39.574410343963194,0.6816512003334514,0.09613332578631409,0.4814338064625688,0.006528008194643252,0.16332821331968003,8.212480264291485e-05,1.2934190202963331e-06,0.019201024015753822
0.0806420529153059,0.5921699857040461,0.5027627619649628,0.4800000001311776,0.025472008192000174,0.0032053264410214473,0.00396804098684858,20.31488206879264,0.13633024006669028,0.019226665157262818,0.4962867612925138,0.4013056016389287,0.032665642663936005,1.642496052858297e-05,2.5868380405926665e-07,0.0038402048031507645
0.4161284105830612,0.11843399714080922,4.500552552392993,0.09600000002623553,0.40509440163840005,0.8006410652882043,0.0007936081973697161,65.26297641375854,0.42726604801333806,1.6038453330314526,0.49925735225850276,0.08026112032778575,0.0065331285327872015,0.40000328499210575,5.173676081185333e-08,0.0007680409606301529
0.08322568211661224,0.023686799428161848,0.9001105104785986,0.41920000000524715,0.08101888032768001,0.16012821305764088,0.0001587216394739432,79.2925952827517,0.48545320960266763,0.32076906660629056,0.4998514704517006,0.01605222406555715,36.001306625706555,0.4800006569984212,1.0347352162370667e-08,0.40015360819212603
0.016645136423322448,0.0047373598856323695,0.18002210209571973,0.08384000000104944,0.016203776065536003,0.032025642611528175,3.1744327894788645e-05,94.25851905655034,0.49709064192053354,0.8641538133212582,0.09997029409034013,0.0032104448131114304,8.000261325141311,0.49600013139968424,2.0694704324741335e-09,0.08003072163842521
0.4033290272846645,0.4009474719771265,0.036004420419143944,0.8167680000002099,0.8032407552131072,0.006405128522305636,0.40000634886557895,92.77170381131008,0.4994181283841067,0.17283076266425165,0.41999405881806806,0.0006420889626222861,1.6000522650282623,0.49920002627993687,4.1389408649482673e-10,0.016006144327685042
0.08066580545693292,0.0801894943954253,0.007200884083828789,0.16335360000004198,0.9606481510426215,0.0012810257044611273,0.0800012697731158,94.47434076226202,0.09988362567682135,0.03456615253285033,0.48399881176361365,0.00012841779252445722,0.32001045300565245,0.09984000525598738,8.277881729896535e-11,0.003201228865537009
0.016133161091386582,0.01603789887908506,0.4014401768167658,0.032670720000008396,0.1921296302085243,0.0002562051408922255,0.01600025395462316,33.37486815245241,0.41997672513536427,0.4069132305065701,0.4967997623527228,2.5683558504891445e-05,0.4640020906011305,0.019968001051197476,1.655576345979307e-11,0.0006402457731074018
0.8032266322182774,0.003207579775817012,0.08028803536335316,0.4065341440000017,0.4384259260417049,0.40005124102817846,0.0032000507909246325,47.71497363049048,0.08399534502707286,0.08138264610131402,0.09935995247054456,5.136711700978289e-06,0.4928004181202261,0.003993600210239495,3.311152691958614e-12,0.00012804915462148037
0.16064532644365548,0.0006415159551634024,25.216057607072674,0.08130682880000034,0.08768518520834098,0.0800102482056357,0.0006400101581849265,88.7429947260981,0.01679906900541457,0.4162765292202628,0.41987199049410895,1.0273423401956578e-06,0.09856008362404522,0.0007987200420478991,1.6000000000006622,2.5609830924296076e-05
0.0321290652887311,0.0001283031910326805,5.043211521414535,0.01626136576000007,0.0175370370416682,0.01600204964112714,0.00012800203163698532,96.54859894521964,0.0033598138010829145,0.4832553058440526,2.883974398098822,2.0546846803913157e-07,0.8197120167248091,0.00015974400840957983,0.32000000000013246,5.121966184859215e-06
0.4064258130577462,2.5660638206536103e-05,1.0086423042829071,0.403252273152,0.00350740740833364,0.003200409928225428,0.4000256004063274,97.30971978904392,0.000671962760216583,0.09665106116881052,0.5767948796197645,4.109369360782632e-08,0.16394240334496182,3.194880168191597e-05,0.0640000000000265,1.0243932369718432e-06
0.08128516261154925,5.132127641307221e-06,0.20172846085658144,0.0806504546304,0.0007014814816667281,0.0006400819856450856,0.4800051200812655,26.661943957808784,0.0001343925520433166,0.4193302122337621,0.1153589759239529,0.40000000821873877,0.03278848066899236,6.389760336383194e-06,0.41280000000000533,2.0487864739436865e-07
0.4162570325223099,1.0264255282614442e-06,0.4403456921713163,0.81613009092608,0.00014029629633334562,0.400128016397129,0.0960010240162531,82.13238879156177,2.400026878510409,0.08386604244675243,0.8230717951847907,0.08000000164374776,0.4065576961337985,1.2779520672766388e-06,0.4825600000000011,4.0975729478873735e-08
0.08325140650446199,0.40000020528510566,0.4880691384342633,0.163226018185216,0.4000280592592667,0.08002560327942582,0.01920020480325062,88.34647775831236,0.8800053757020818,0.016773208489350485,0.5646143590369581,0.016000000328749552,0.08131153922675971,2.555904134553278e-07,0.09651200000000022,8.195145895774747e-09
0.8166502813008925,0.48000004105702115,0.8976138276868527,1.6326452036370434,0.08000561185185334,0.4160051206558852,0.4038400409606501,57.909295551662474,0.17600107514041638,0.003354641697870097,0.5129228718073917,0.4032000000657499,0.41626230784535195,5.111808269106556e-08,0.019302400000000046,0.8000000016390292
0.1633300562601785,0.09600000821140424,0.17952276553737057,0.7265290407274088,0.016001122370370668,0.08320102413117704,0.48076800819213006,14.381859110332496,0.03520021502808328,0.400670928339574,0.9025845743614784,0.08064000001314998,0.0832524615690704,0.4000000102236166,0.0038604800000000094,0.16000000032780584
0.0326660112520357,0.019200001642280848,10.035904553107475,0.14530580814548175,0.003200224474074134,0.01664020482623541,0.09615360163842601,82.0763718220665,0.007040043005616656,2.8801341856679152,0.1805169148722957,0.016128000002629997,0.016650492313814082,0.08000000204472332,0.000772096000000002,0.03200000006556117
0.8065332022504071,0.4038400003284562,6.007180910621495,0.02906116162909635,0.40064004489481486,0.003328040965247082,0.4192307203276852,61.05527436441331,0.8014080086011234,0.576026837133583,20.03610338297446,0.0032256000005259997,0.8033300984627628,0.016000000408944667,0.0001544192000000004,0.006400000013112234
2.1613066404500816,1.2807680000656914,1.201436182124299,0.0058122323258192705,0.08012800897896298,0.0006656081930494164,0.48384614406553705,52.21105487288266,0.16028160172022468,0.5152053674267166,4.007220676594892,0.4006451200001052,0.16066601969255256,0.0032000000817889334,3.088384000000008e-05,0.4012800000026225
0.43226132809001633,0.6561536000131383,0.6402872364248599,0.0011624464651638542,0.4160256017957926,0.4001331216386099,2.8967692288131075,14.042210974576532,0.03205632034404494,0.5030410734853433,78.80144413531897,0.8801290240000211,0.03213320393851051,0.4006400000163578,6.176768000000017e-06,0.0802560000005245
0.8864522656180033,0.13123072000262767,0.12805744728497198,0.00023248929303277085,0.08320512035915853,0.48002662432772203,0.5793538457626215,9.608442194915307,0.406411264068809,0.10060821469706867,38.9602888270638,0.17602580480000424,0.40642664078770213,0.08012800000327157,1.2353536000000035e-06,0.4160512000001049
0.5772904531236007,0.4262461440005256,9.065611489456995,0.4000464978586066,0.016641024071831708,0.09600532486554442,0.11587076915252431,39.52168843898306,0.08128225281376181,0.020121642939413736,8.592057765412761,0.03520516096000085,0.08128532815754043,0.41602560000065436,2.470707200000007e-07,0.483210240000021
0.11545809062472015,0.8852492288001051,2.213122297891399,0.08000929957172132,0.0033282048143663417,0.019201064973108885,0.023174153830504862,7.9043376877966125,0.01625645056275236,0.4040243285878828,2.1184115530825522,0.00704103219200017,0.4162570656315081,0.08320512000013087,4.941414400000015e-08,0.0966420480000042
0.823091618124944,0.577049845760021,0.4426244595782798,0.4160018599143443,0.8006656409628733,0.8038402129946218,0.404634830766101,55.18086753755932,0.0032512901125504724,0.08080486571757656,0.8236823106165105,0.0014082064384000341,0.48325141312630165,0.016641024000026174,9.88282880000003e-09,0.41932840960000084
0.5646183236249889,0.5154099691520042,25.848524891915662,0.08320037198286886,0.5601331281925747,0.9607680425989245,0.0809269661532202,11.436173507511866,0.8006502580225101,0.016160973143515313,0.5647364621233022,0.40028164128768,0.09665028262526033,0.003328204800005235,1.976565760000006e-09,0.08386568192000017
0.11292366472499778,0.5030819938304009,5.169704978383133,0.016640074396573775,0.512026625638515,0.1921536085197849,0.4161853932306441,2.2872347015023733,0.16013005160450203,0.0032321946287030626,0.5129472924246605,0.080056328257536,0.01933005652505207,0.0006656409600010471,3.953131520000012e-10,0.41677313638400004
0.022584732944999557,0.10061639876608018,10.313940995676626,0.0033280148793147554,0.502405325127703,0.038430721703956984,0.48323707864612886,20.137446940300478,0.43202601032090043,0.40064643892574064,0.10258945848493212,0.016011265651507203,0.003866011305010414,0.40013312819200025,0.40000000007906267,0.08335462727680001
0.40451694658899995,0.42012327975321606,7.662788199135326,0.40066560297586296,0.1004810650255406,0.4076861443407914,0.09664741572922578,4.027489388060096,0.08640520206418009,0.08012928778514813,8.020517891696986,0.0032022531303014406,0.4007732022610021,0.08002662563840006,0.08000000001581253,0.41667092545536
0.0809033893178,0.08402465595064322,5.132557639827065,0.0801331205951726,0.020096213005108124,0.08153722886815828,0.8193294831458452,0.8054978776120193,0.01728104041283602,0.01602585755702963,4.804103578339397,4.000640450626061,0.08015464045220043,0.016005325127680013,0.01600000000316251,0.083334185091072
0.41618067786356,0.016804931190128644,2.226511527965413,0.016026624119034518,0.004019242601021625,0.41630744577363166,0.16386589662916906,3.3610995755224042,0.4034562080825672,0.003205171511405926,0.9608207156678795,0.8001280901252121,0.016030928090440086,0.003201065025536003,0.8032000000006325,0.41666683701821444
0.48323613557271206,1.203360986238026,0.44530230559308265,0.8032053248238069,0.0008038485202043251,0.08326148915472634,0.03277317932583381,40.91221991510448,0.08069124161651345,0.4006410343022812,0.5921641431335759,0.16002561802504245,0.403206185618088,0.0006402130051072006,0.16064000000012651,0.08333336740364289
0.09664722711454242,1.8406721972476052,30.64906046111862,0.5606410649647614,0.00016076970404086503,0.016652297830945267,0.0065546358651667625,12.182443983020896,0.01613824832330269,0.08012820686045624,29.238432828626717,0.8320051236050086,0.4806412371236176,0.00012804260102144014,0.0321280000000253,0.4166666734807286
0.4193294454229085,0.7681344394495211,6.129812092223724,0.11212821299295228,3.215394080817301e-05,0.0033304595661890536,0.40131092717303335,2.4364887966041793,0.0032276496646605384,1.6160256413720913,5.847686565725343,0.1664010247210017,0.49612824742472356,2.5608520204288028e-05,0.006425600000005061,0.08333333469614573
0.4838658890845817,0.15362688788990422,26.425962418444747,0.022425642598590458,0.40000643078816167,0.4006660919132378,0.08026218543460667,0.48729775932083585,0.4006455299329321,0.3232051282744183,1.1695373131450688,0.033280204944200344,0.49922564948494474,5.121704040857606e-06,0.40128512000000105,0.016666666939229146
0.09677317781691636,0.030725377577980845,30.645192483688948,0.40448512851971813,0.08000128615763234,0.08013321838264757,2.416052437086922,0.09745955186416717,12.880129105986587,0.4646410256548837,0.23390746262901377,0.4066560409888401,0.499845129896989,0.4000010243408082,0.48025702400000025,1.203333333387846
0.8193546355633833,0.4061450755155962,14.12903849673779,0.08089702570394364,0.01600025723152647,0.41602664367652953,0.48321048741738437,0.41949191037283345,3.3760258211973175,0.09292820513097674,0.4467814925258028,0.08133120819776803,0.49996902597939785,0.08000020486816165,0.4960514048000001,0.2406666666775692
0.5638709271126767,0.08122901510311925,4.025807699347558,0.41617940514078877,0.0032000514463052937,0.4832053287353059,0.09664209748347688,1.2838983820745669,1.0752051642394636,0.018585641026195348,35.449356298505165,0.016266241639553605,0.09999380519587958,0.01600004097363233,0.09921028096000002,0.04813333333551384
0.5127741854225354,0.01624580302062385,2.005161539869512,0.4832358810281578,0.0006400102892610588,0.49664106574706124,0.01932841949669538,0.2567796764149134,0.21504103284789272,0.4037171282052391,47.64987125970104,0.40325324832791076,0.019998761039175916,0.0032000081947264666,0.41984205619200005,0.009626666667102768
0.5025548370845071,0.0032491606041247702,0.40103230797390244,0.09664717620563157,0.00012800205785221176,0.09932821314941226,0.003865683899339076,40.45135593528299,0.043008206569578544,0.8807434256410479,9.529974251940208,0.08065064966558216,0.4039997522078352,0.0006400016389452933,0.08396841123840001,0.0019253333334205537
0.10051096741690142,0.0006498321208249541,0.0802064615947805,0.019329435241126316,1.2000256004115706,0.8198656426298825,0.0007731367798678152,8.090271187056599,0.00860164131391571,0.17614868512820958,73.58599485038803,0.41613012993311643,0.08079995044156704,0.00012800032778905867,0.41679368224768004,0.0003850666666841108
0.020102193483380285,0.40012996642416504,10.496041292318957,0.0038658870482252633,0.24000512008231412,0.1639731285259765,0.00015462735597356305,2.4180542374113196,0.8017203282627832,0.035229737025641916,38.637198970077606,0.48322602598662334,0.41615999008831345,2.5600065557811735e-05,0.08335873644953601,7.701333333682216e-05
0.4040204386966761,0.48002599328483303,2.099208258463791,0.4007731774096451,0.04800102401646283,0.032794625705195306,0.40003092547119473,4.883610847482264,0.16034406565255666,0.007045947405128383,8.527439794015521,0.09664520519732467,0.08323199801766269,5.120013111562348e-06,0.41667174728990725,1.5402666667364433e-05
0.08080408773933523,0.0960051986569666,0.4198416516927583,0.8801546354819291,0.009600204803292565,0.006558925141039062,0.08000618509423896,0.9767221694964529,0.4320688131305114,0.0014091894810256767,1.7054879588031042,0.41932904103946494,0.01664639960353254,1.0240026223124697e-06,0.08333434945798146,3.0805333334728867e-06
0.016160817547867048,0.8192010397313934,29.12396833033855,0.17603092709638582,0.0019200409606585133,0.40131178502820786,0.016001237018847793,42.755344433899296,0.08641376262610229,0.00028183789620513534,0.7410975917606208,0.083865808207893,0.40332927992070655,2.0480052446249394e-07,0.016666869891596294,0.4000006161066667
0.0032321635095734096,0.16384020794627868,5.82479366606771,40.67520618541928,0.4003840081921317,0.08026235700564158,0.003200247403769559,8.95106888677986,0.01728275252522046,5.636757924102707e-05,0.9482195183521243,0.0167731616415786,0.08066585598414132,4.096010489249879e-08,0.003333373978319259,0.08000012322133335
0.4006464327019147,0.03276804158925574,5.8849587332135425,8.935041237083857,0.48007680163842636,0.016052471401128317,0.0006400494807539118,1.790213777355972,0.003456550505044092,0.40001127351584825,0.5896439036704249,0.0033546323283157203,0.016133171196828264,0.800000008192021,0.0006666747956638519,0.01600002464426667
0.08012928654038294,0.006553608317851148,1.1769917466427084,2.1870082474167716,0.09601536032768528,0.0032104942802256634,0.00012800989615078235,0.35804275547119446,0.0006913101010088185,0.4800022547031697,0.11792878073408497,0.0006709264656631441,0.003226634239365653,0.16000000163840422,0.0001333349591327704,0.003200004928853334
0.01602585730807659,0.0013107216635702297,3.035398349328542,0.8374016494833544,0.019203072065537057,0.0006420988560451327,0.4000256019792302,0.0716085510942389,0.8001382620202018,0.09600045094063395,0.023585756146816995,0.8001341852931326,0.0006453268478731306,0.03200000032768085,2.666699182655408e-05,0.0006400009857706669
0.003205171461615318,0.00026214433271404595,68.60707966986571,0.1674803298966709,0.0038406144131074116,0.00012841977120902655,0.4800051203958461,0.014321710218847782,0.16002765240404038,0.01920009018812679,6.004717151229364,22.160026837058627,0.00012906536957462612,0.00640000006553617,5.333398365310816e-06,0.00012800019715413337
0.0006410342923230637,0.40005242886654285,59.96141593397314,0.03349606597933418,0.0007681228826214824,2.5683954241805312e-05,0.09600102407916922,0.0028643420437695563,0.03200553048080808,0.0038400180376253583,1.2009434302458728,4.432005367411725,2.5813073914925225e-05,0.001280000013107234,0.4000010666796731,40.16002560003943
0.00012820685846461275,0.8800104857733086,12.39228318679463,0.0066992131958668365,0.0001536245765242965,5.1367908483610626e-06,0.019200204815833843,0.0005728684087539113,0.006401106096161616,0.0007680036075250717,0.24018868604917457,3.2864010734823452,5.162614782985045e-06,0.0002560000026214468,0.4800002133359347,8.032005120007886
0.800025641371693,0.17600209715466175,2.478456637358926,0.0013398426391733674,3.07249153048593e-05,1.2000010273581698,0.003840040963166769,0.4001145736817508,0.0012802212192323233,0.00015360072150501434,0.04803773720983492,1.4572802146964692,1.032522956597009e-06,5.120000052428936e-05,0.09600004266718694,2.0064010240015775
0.1600051282743386,0.03520041943093235,4.095691327471785,0.8002679685278348,0.800006144983061,0.24000020547163398,0.0007680081926333539,0.08002291473635016,0.4002560442438465,77.6000307201443,0.009607547441966985,0.6914560429392939,0.40000020650459134,1.0240000104857871e-05,0.4192000085334374,0.4012802048003155
0.43200102565486775,0.0070400838861864705,0.8191382654943571,0.560053593705567,0.5600012289966122,0.8480000410943268,0.00015360163852667078,31.616004582947273,0.48005120884876934,15.520006144028862,0.001921509488393397,0.5382912085878588,0.08000004130091827,2.0480000209715745e-06,0.08384000170668748,0.08025604096006311
0.08640020513097356,0.0014080167772372943,0.5638276530988715,0.5120107187411134,0.11200024579932244,2.569600008218866,0.40003072032770537,6.323200916589455,0.09601024176975387,3.104001228805773,0.0003843018976786794,0.10765824171757177,0.4160000082601837,4.0960000419431495e-07,0.016768000341337498,2.416051208192013
0.017280041026194713,0.00028160335544745885,0.1127655306197743,0.10240214374822268,0.4224000491598645,0.5139200016437732,0.4800061440655411,3.6646401833178914,0.019202048353950774,0.6208002457611546,0.40007686037953577,0.42153164834351436,0.08320000165203674,8.192000083886299e-08,0.0033536000682674997,0.4832102416384026
0.40345600820523897,5.6320671089491774e-05,0.4225531061239549,0.020480428749644536,0.0844800098319729,0.10278400032875463,0.09600122881310823,74.33292803666359,0.003840409670790155,0.12416004915223092,0.08001537207590716,0.08430632966870288,0.4166400003304074,1.63840001677726e-08,0.4006707200136535,0.09664204832768053
0.0806912016410478,0.40001126413421795,0.484510621224791,0.40409608574992895,0.4168960019663946,0.02055680006575093,0.019200245762621648,14.866585607332718,0.0007680819341580311,0.4248320098304462,0.016003074415181433,0.016861265933740578,1.2833280000660816,3.27680003355452e-09,0.08013414400273071,0.41932840966553614
0.41613824032820956,0.08000225282684359,0.8969021242449582,0.0808192171499858,0.08337920039327892,0.004111360013150186,0.00384004915252433,25.053317121466545,0.00015361638683160622,0.08496640196608925,0.4032006148830363,0.40337225318674813,0.6566656000132163,6.55360006710904e-10,0.016026828800546143,0.08386568193310723
0.08322764806564192,0.4160004505653687,0.5793804248489917,0.01616384342999716,0.016675840078655784,0.0008222720026300373,0.000768009830504866,7.81066342429331,3.0723277366321246e-05,10.096993280393217,0.08064012297660728,0.08067445063734963,0.5313331200026433,1.3107200134218082e-10,0.003205365760109229,0.41677313638662145
0.4166455296131284,0.08320009011307375,0.11587608496979834,0.003232768685999432,0.003335168015731157,0.400164454400526,0.800153601966101,1.9621326848586622,6.144655473264249e-06,4.419398656078644,0.016128024595321457,0.016134890127469926,0.10626662400052866,0.40000000002621444,0.0006410731520218459,0.08335462727732429
0.08332910592262568,0.01664001802261475,0.4231752169939597,0.0006465537371998864,0.0006670336031462315,0.8800328908801053,0.1600307203932202,41.992426536971735,1.22893109465285e-06,0.8838797312157288,0.40322560491906434,0.0032269780254939855,0.021253324800105736,0.4800000000052429,0.00012821463040436917,0.01667092545546486
2.4166658211845253,0.403328003604523,0.08463504339879195,0.40012931074744,0.0001334067206292463,0.17600657817602106,0.03200614407864404,13.598485307394348,0.40000024578621896,0.17677594624314577,0.08064512098381288,0.0006453956050987971,0.004250664960021147,0.09600000000104858,2.5642926080873834e-05,0.003334185091092972
0.4833331642369051,0.0806656007209046,0.016927008679758392,0.48002586214948806,2.668134412584926e-05,0.03520131563520421,0.8064012288157288,33.27969706147887,0.4800000491572438,0.035355189248629154,0.4161290241967626,0.00012907912101975944,0.8008501329920042,0.8192000000002098,5.1285852161747675e-06,0.0006668370182185945
0.49666663284738105,0.41613312014418097,0.0033854017359516786,0.09600517242989762,1.2000053362688254,0.4070402631270409,0.16128024576314579,42.41593941229578,0.09600000983144877,0.40707103784972587,0.08322580483935253,2.581582420395189e-05,0.9601700265984009,0.16384000000004195,1.0257170432349535e-06,0.0001333674036437189
0.09933332656947622,0.0832266240288362,0.40067708034719035,0.019201034485979526,0.2400010672537651,0.08140805262540818,0.03225604915262916,8.483187882459156,0.41920000196628976,0.4814142075699452,0.01664516096787051,5.163164840790379e-06,0.9920340053196802,40.192768000000015,2.051434086469907e-07,0.4000266734807288
0.019866665313895245,0.41664532480576727,0.08013541606943808,0.0038402068971959053,0.048000213450753025,1.2162816105250818,0.006451209830525832,42.33663757649183,15.763840000393259,0.09628284151398904,0.003329032193574102,1.0326329681580759e-06,0.19840680106393604,8.038553600000004,4.102868172939815e-08,0.4800053346961458
0.003973333062779049,0.48332906496115347,40.25602708321389,0.0007680413794391812,0.009600042690150606,0.24325632210501635,0.0012902419661051665,8.467327515298367,29.39276800007865,0.01925656830279781,0.40066580643871486,1.2000002065265938,0.03968136021278721,2.007710720000001,0.4000000082057364,0.4960010669392292
0.4007946666125558,0.0966658129922307,48.05120541664278,0.40015360827588786,0.0019200085380301213,0.048651264421003274,0.0002580483932210333,33.69346550305967,74.75855360001573,0.4038513136605596,0.08013316128774298,0.24000004130531877,0.007936272042557443,0.4015421440000002,0.08000000164114729,0.49920021338784587
0.08015893332251117,0.01933316259844614,9.610241083328557,18.400030721655178,0.400384001707606,0.009730252884200655,5.160967864420666e-05,6.738693100611934,14.951710720003147,0.880770262732112,0.016026632257548596,0.4480000082610638,0.8015872544085115,0.08030842880000005,0.016000000328229458,0.09984004267756919
0.016031786664502234,0.0038666325196892283,1.9220482166657114,3.6800061443310357,0.4800768003415212,0.0019460505768401312,1.0321935728841333e-05,1.3477386201223869,2.9903421440006297,0.5761540525464224,0.0032053264515097195,0.08960000165221277,0.16031745088170232,0.01606168576000001,0.0032000000656458917,0.019968008535513837
0.0032063573329004467,0.0007733265039378457,0.7844096433331423,0.7360012288662072,0.09601536006830425,0.40038921011536804,2.064387145768267e-06,79.46954772402448,48.99806842880013,0.11523081050928448,0.000641065290301944,2.8179200003304428,1.2320634901763405,0.403212337152,0.0006400000131291784,0.003993601707102767
0.40064127146658013,0.4001546653007876,0.15688192866662848,0.5472002457732414,0.019203072013660852,0.08007784202307361,0.40000041287742916,88.2939095448049,10.599613685760028,0.023046162101856896,0.4001282130580604,0.5635840000660886,0.6464126980352681,0.4806424674304,0.0001280000026258357,0.0007987203414205534
0.08012825429331603,0.48003093306015754,0.4313763857333257,0.10944004915464829,0.40384061440273217,0.41601556840461473,0.08000008257548584,18.05878190896098,2.1199227371520055,0.4046092324203714,0.08002564261161209,0.11271680001321771,0.9292825396070536,0.09612849348608,2.5600000525167138e-05,0.0001597440682841107
0.01602565085866321,1.2960061866120316,27.926275277146665,0.42188800983092967,0.08076812288054644,0.48320311368092295,0.01600001651509717,27.5317563817922,0.8239845474304012,0.08092184648407429,0.01600512852232242,0.022543360002643544,0.18585650792141073,0.41922569869721604,2.000005120000105,3.194881365682214e-05
0.003205130171732642,0.25920123732240635,34.38525505542933,0.08437760196618593,0.016153624576109287,0.0966406227361846,0.40320000330301947,5.506351276358441,0.16479690948608025,0.016184369296814858,3.923201025704465,0.40450867200052876,0.03717130158428215,0.08384513973944321,0.800001024000021,6.389762731364429e-06
0.0006410260343465285,0.05184024746448127,6.877051011085867,0.016875520393237187,0.0032307249152218574,0.01932812454723692,0.0806400006606039,1.1012702552716882,79.23295938189722,0.0032368738593629718,0.784640205140893,0.08090173440010576,0.4074342603168565,0.016769027947888645,0.1600002048000042,1.277952546272886e-06
0.0001282052068693057,0.010368049492896256,5.775410202217174,0.8033751040786474,0.0006461449830443716,0.4038656249094474,0.01612800013212078,1.0202540510543376,15.846591876379444,0.0006473747718725944,0.15692804102817862,0.41618034688002115,0.48148685206337133,0.40335380558957773,0.03200004096000084,2.555905092545772e-07
2.5641041373861142e-05,0.002073609898579251,2.755082040443435,0.9606750208157295,0.00012922899660887431,0.08077312498188949,0.003225600026424156,32.604050810210865,6.369318375275889,0.40012947495437456,0.031385608205635726,0.4832360693760043,0.8962973704126743,0.48067076111791557,0.4064000081920002,0.4000000511181019
5.1282082747722285e-06,0.0004147219797158502,0.551016408088687,1.3921350041631462,2.5845799321774864e-05,0.0161546249963779,0.40064512000528485,40.92081016204217,1.273863675055178,0.48002589499087495,0.006277121641127145,0.09664721387520087,20.499259474082535,0.09613415222358312,0.08128000163840005,0.4800000102236204
0.40000102564165496,0.4000829443959432,0.1102032816177374,1.8784270008326294,5.169159864354973e-06,0.4032309249992756,0.08012902400105698,8.184162032408436,0.2547727350110356,4.896005178998176,0.0012554243282254293,0.019329442775040173,4.099851894816507,0.019226830444716625,0.01625600032768001,0.09600000204472409
0.080000205128331,0.4800165888791887,0.022040656323547483,0.7756854001665259,0.800001033831973,0.08064618499985513,0.0160258048002114,2.0368324064816874,0.05095454700220712,63.29920103579964,0.0002510848656450859,0.8038658885550081,1.2199703789633016,0.003845366088943325,0.0032512000655360025,0.41920000040894484
0.0160000410256662,0.4960033177758378,0.0044081312647094965,0.15513708003330517,0.9600002067663946,0.41612923699997106,0.00320516096004228,0.4073664812963375,0.010190909400441425,52.89984020715993,5.021697312901718e-05,0.16077317771100164,0.24399407579266033,0.000769073217788665,0.0006502400131072005,0.08384000008178898
0.8032000082051333,0.09920066355516756,3.2008816262529423,0.43102741600666106,0.19200004135327894,0.08322584739999422,0.000641032192008456,50.88147329625927,0.002038181880088285,11.379968041431988,1.0043394625803437e-05,0.03215463554220033,0.4487988151585321,0.000153814643557733,0.0001300480026214401,0.016768000016357795
0.16064000164102665,0.019840132711033513,2.2401763252505886,0.08620548320133221,0.8384000082706559,0.016645169479998844,0.0001282064384016912,34.336294659251855,0.00040763637601765696,2.6759936082863978,2.0086789251606873e-06,0.8064309271084401,0.08975976303170642,3.0762928711546605e-05,0.8000260096005243,0.4033536000032716
0.43212800032820536,0.003968026542206703,0.44803526505011776,0.017241096640266445,0.5676800016541312,0.003329033895999769,0.40002564128768037,86.06725893185038,8.15272752035314e-05,0.5351987216572796,4.017357850321375e-07,0.16128618542168804,0.4179519526063413,6.1525857423093215e-06,0.16000520192010487,0.08067072000065433
0.4864256000656411,0.0007936053084413406,0.4896070530100236,78.80344821932806,0.11353600033082625,0.4006658067792,0.08000512825753608,85.29345178637007,1.630545504070628e-05,0.10703974433145591,8.034715700642751e-08,0.03225723708433761,0.08359039052126827,1.2305171484618645e-06,0.432001040384021,0.016134144000130867
26.257285120013133,0.4001587210616883,0.09792141060200472,15.760689643865613,0.02270720006616525,0.48013316135584005,0.41600102565150726,30.658690357274015,0.40000326109100814,0.021407948866291184,0.4000000160694314,0.40645144741686756,0.016718078104253655,2.461034296923729e-07,0.08640020807680421,0.4032268288000262
5.251457024002627,0.08003174421233766,78.81958428212042,4.352137928773123,0.40454144001323306,0.09602663227116802,0.4832002051303015,6.131738071454803,0.08000065221820163,0.004281589773258237,0.4800000032138863,0.48129028948337355,0.0033436156208507314,0.40000004922068594,0.01728004161536084,0.08064536576000525
1.8502914048005255,0.016006348842467533,37.36391685642408,0.8704275857546246,0.8809082880026466,0.019205326454233604,0.0966400410260603,39.78634761429096,0.41600013044364037,0.0008563179546516473,0.09600000064277726,0.09625805789667471,0.0006687231241701464,0.08000000984413719,1.2034560083230723,0.01612907315200105
0.3700582809601051,0.0032012697684935068,9.072783371284817,0.5740855171509249,0.17618165760052934,0.40384106529084673,0.4193280082052121,8.357269522858193,5.283200026088728,0.40017126359093036,4.339200000128556,0.419251611579335,0.00013374462483402928,0.016000001968827438,0.24069120166461447,0.40322581463040025
0.07401165619202103,0.40064025395369873,1.8145566742569637,0.11481710343018499,0.03523633152010587,0.08076821305816935,0.8838656016410424,25.031453904571638,2.256640005217746,0.08003425271818608,1.267840000025711,0.083850322315867,0.8000267489249668,0.003200000393765488,0.048138240332922896,0.08064516292608005
0.8148023312384043,0.08012805079073976,0.36291133485139276,0.022963420686037,0.0070472663040211745,0.4161536426116339,0.5767731203282085,33.40629078091433,0.45132800104354925,0.016006850543637218,35.45356800000515,0.41677006446317344,0.16000534978499337,0.0006400000787530976,0.00962764806658458,0.016129032585216013
0.16296046624768087,0.416025610158148,8.31258226697028,0.0045926841372074005,0.001409453260804235,0.4832307285223268,0.9153546240656417,65.40125815618288,0.4902656002087099,0.003201370108727444,7.09071360000103,0.0833540128926347,2.432001069956999,0.40012800001575066,0.0019255296133169162,0.003225806517043203
0.03259209324953618,0.08320512203162961,8.062516453394057,0.0009185368274414801,0.000281890652160847,0.4966461457044654,0.5830709248131284,13.080251631236576,0.09805312004174199,0.0006402740217454888,1.4181427200002061,0.01667080257852694,0.4864002139913998,0.8800256000031502,0.00038510592266338326,0.40064516130340866
0.006518418649907236,0.01664102440632592,2.0125032906788114,0.4001837073654883,5.63781304321694e-05,0.0993292291408931,0.5166141849626257,25.016050326247317,0.0196106240083484,0.4001280548043491,0.6836285440000412,0.003334160515705388,0.09728004279827997,0.17600512000063007,7.702118453267666e-05,0.48012903226068177
0.0013036837299814474,0.0033282048812651845,0.8025006581357623,0.08003674147309767,1.127562608643388e-05,0.41986584582817865,0.10332283699252515,5.403210065249464,0.00392212480166968,0.08002561096086983,75.73672570880002,0.0006668321031410777,0.019456008559655995,0.43520102400012606,1.5404236906535334e-05,0.09602580645213636
0.4002607367459963,0.40066564097625307,5.360500131627153,0.41600734829461955,2.2551252172867763e-06,0.08397316916563574,0.02066456739850503,1.8806420130498929,0.0007844249603339361,0.016005122192173964,45.147345141760006,0.00013336642062821555,0.0038912017119311993,1.2870402048000253,0.8000030808473814,0.019205161290427274
0.08005214734919927,0.08013312819525062,80.67210002632544,0.08320146965892392,0.4000004510250435,0.01679463383312715,1.2041329134797012,0.3761284026099786,0.00015688499206678724,0.003201024438434793,9.029469028352002,2.667328412564311e-05,0.0007782403423862399,0.6574080409600052,0.16000061616947628,0.4038410322580855
3.21601042946984,0.016026625639050125,58.134420005265085,0.016640293931784785,0.0800000902050087,0.40335892676662544,0.24082658269594026,0.07522568052199573,3.137699841335745e-05,0.0006402048876869587,1.8058938056704006,5.334656825128622e-06,0.000155648068477248,0.13148160819200103,0.43200012323389525,0.0807682064516171
0.643202085893968,0.003205325127810025,11.626884001053018,0.003328058786356957,0.01600001804100174,0.08067178535332509,2.048165316539188,52.0150451361044,1.2000062753996827,0.4001280409775374,0.36117876113408015,1.0669313650257245e-06,3.11296136954496e-05,0.026296321638400205,0.08640002464677905,0.01615364129032342
0.5286404171787936,0.000641065025562005,2.3253768002106034,0.0006656117572713914,0.40320000360820035,0.016134357070665017,0.40963306330783766,10.40300902722088,0.6400012550799365,0.08002560819550748,0.07223575222681604,2.133862730051449e-07,6.2259227390899206e-06,0.0052592643276800416,0.017280004929355813,0.4032307282580647
0.10572808343575874,0.000128213005112401,0.4650753600421207,0.00013312235145427828,0.08064000072164007,0.0032268714141330036,0.08192661266156753,2.0806018054441764,0.5280002510159874,0.4160051216391015,0.014447150445363209,4.2677254601028984e-08,0.4000012451845478,0.401051852865536,0.003456000985871163,0.08064614565161295
0.4211456166871518,0.8000256426010225,2.4930150720084243,2.400026624470291,1.2161280001443282,0.0006453742828266008,0.016385322532313507,6.4161203610888355,0.10560005020319747,0.08320102432782031,0.4028894300890727,8.535450920205797e-09,0.4800002490369096,0.0802103705731072,0.8006912001971743,0.01612922913032259
0.08422912333743036,0.5600051285202046,0.49860301440168486,0.8800053248940582,0.24322560002886565,0.00012907485656532016,0.0032770645064627013,1.2832240722177672,0.021120010040639497,28.016640204865563,0.08057788601781454,1.7070901840411596e-09,0.49600004980738194,0.01604207411462144,0.1601382400394349,0.4032258458260645
0.4168458246674861,0.5120010257040409,0.09972060288033698,0.5760010649788116,0.44864512000577317,0.40002581497131307,0.8006554129012926,0.25664481444355347,0.0042240020081278995,6.003328040973114,0.01611557720356291,3.4141803680823195e-10,0.4992000099614764,0.4032084148229243,0.432027648007887,0.48064516916521294
0.48336916493349724,0.10240020514080819,0.019944120576067398,0.5152002129957624,0.48972902400115464,0.08000516299426262,0.16013108258025854,40.29132896288871,0.4008448004016256,1.2006656081946228,0.003223115440712582,0.4000000000682836,0.4998400019922953,0.48064168296458487,0.48640552960157746,0.0961290338330426
0.09667383298669946,0.02048004102816164,0.40398882411521353,0.10304004259915248,0.09794580480023093,0.8160010325988526,0.03202621651605171,8.458265792577743,0.48016896008032517,0.24013312163892456,0.0006446230881425164,0.08000000001365673,0.09996800039845906,0.09612833659291697,0.0972811059203155,0.41922580676660853
0.4193347665973399,0.40409600820563235,0.08079776482304271,0.020608008519830495,0.4195891609600462,0.16320020651977052,0.4064052433032104,51.13165315851555,0.09603379201606504,0.048026624327784914,0.8001289246176285,0.016000000002731347,0.41999360007969183,0.019225667318583398,0.4194562211840631,0.0838451613533217
0.483866953319468,0.08081920164112648,0.41615955296460855,0.004121601703966099,0.4839178321920093,1.2326400413039542,0.08128104866064208,10.22633063170311,0.01920675840321301,0.009605324865556984,0.1600257849235257,0.0032000000005462693,0.4839987200159384,0.0038451334637166798,0.4838912442368126,0.01676903227066434
0.49677339066389364,0.016163840328225296,0.08323191059292172,0.0008243203407932198,0.4967835664384019,0.24652800826079085,0.41625620973212846,2.045266126340622,0.003841351680642602,79.20192106497312,0.032005156984705144,0.8006400000001093,0.4967997440031877,0.000769026692743336,0.09677824884736252,0.0033538064541328684
0.09935467813277873,0.40323276806564506,0.016646382118584345,0.40016486406815865,2.0993567132876803,0.04930560165215817,0.08325124194642569,0.8090532252681245,40.64076827033613,16.240384212994623,0.006401031396941029,0.16012800000002186,0.8993599488006376,0.0001538053385486672,0.019355649769472506,0.0006707612908265737
0.019870935626555748,0.08064655361312902,1.2033292764237171,40.720032972813634,0.41987134265753606,0.40986112033043165,0.01665024838928514,66.08181064505362,8.128153654067226,3.248076842598925,0.001280206279388206,0.4320256000000044,0.17987198976012753,0.40003076106770974,0.4038711299538945,0.00013415225816531474
0.00397418712531115,0.4161293107226258,0.24066585528474344,8.144006594562727,0.48397426853150727,0.08197222406608634,0.0033300496778570277,85.21636212901072,1.6256307308134454,0.6496153685197851,0.0002560412558776412,0.08640512000000089,0.035974397952025505,0.480006152213542,0.08077422599077891,2.683045163306295e-05
0.00079483742506223,0.08322586214452517,0.04813317105694869,1.6288013189125454,0.09679485370630146,0.4163944448132173,0.0006660099355714056,17.443272425802142,0.3251261461626891,0.5299230737039571,5.120825117552825e-05,0.01728102400000018,0.007194879590405101,0.0960012304427084,0.01615484519815578,5.36609032661259e-06
0.00015896748501244602,0.016645172428905033,0.4096266342113898,0.7257602637825091,0.41935897074126033,0.08327888896264346,2.8001332019871144,81.48865448516042,0.46502522923253786,0.10598461474079142,1.024165023510565e-05,0.003456204800000036,0.40143897591808103,0.41920024608854173,0.003230969039631156,1.0732180653225181e-06
3.1793497002489204e-05,0.403329034485781,0.48192532684227796,0.14515205275650184,0.08387179414825208,0.016655777792528692,0.5600266403974229,85.09773089703208,0.4930050458465076,0.021196922948158285,2.0483300470211303e-06,0.8006912409600001,0.48028779518361625,0.08384004921770835,0.0006461938079262313,0.8000002146436132
6.358699400497841e-06,0.0806658068971562,0.09638506536845559,0.42903041055130037,0.016774358829650417,0.0033311555585057388,0.5120053280794846,93.01954617940642,0.49860100916930156,0.8042393845896317,0.4000004096660094,0.16013824819200004,0.4960575590367233,1.2167680098435418,0.4001292387615853,0.5600000429287226
0.40000127173988015,0.41613316137943124,2.0192770130736912,2.4858060821102606,0.003354871765930084,0.4006662311117012,0.10240106561589693,25.083909235881286,0.09972020183386032,0.5608478769179264,0.4800000819332019,0.03202764963840001,0.4992115118073447,1.0433536019687084,0.4800258477523171,0.5120000085857446
0.08000025434797603,0.48322663227588625,0.8038554026147383,1.2971612164220523,0.0006709743531860169,0.08013324622234025,0.020480213123179387,5.016781847176258,0.4199440403667721,0.5121695753835853,0.0960000163866404,0.40640552992768003,0.09984230236146895,0.6086707203937417,0.09600516955046343,0.10240000171714891
0.016000050869595207,0.09664532645517726,0.16077108052294767,0.25943224328441045,0.4001341948706372,0.01602664924446805,0.004096042624635878,80.20335636943526,0.08398880807335442,3.3024339150767172,0.01920000327732808,0.081281105985536,0.01996846047229379,21.32173414407875,0.019201033910092688,0.4204800003434298
0.0032000101739190416,0.019329065291035452,0.03215421610458954,0.05188644865688209,0.08002683897412745,0.00320532984889361,0.4008192085249272,62.120671273887055,0.4167977616146709,1.0604867830153435,0.8038400006554657,0.016256221197107203,0.003993692094458759,4.26434682881575,0.0038402067820185377,0.08409600006868596
0.40064000203478384,0.4038658130582071,0.40643084322091794,0.010377289731376419,0.01600536779482549,0.4006410659697787,0.08016384170498544,41.62413425477742,0.08335955232293418,0.21209735660306872,0.16076800013109316,0.003251244239421441,0.4007987384188918,0.8528693657631501,0.4007680413564037,0.41681920001373723
0.08012800040695678,0.08077316261164143,0.08128616864418359,0.002075457946275284,0.003201073558965098,0.48012821319395577,0.01603276834099709,85.8448268509555,0.41667191046458685,0.042419471320613744,0.032153600026218636,0.0006502488478842883,0.08015974768377837,0.17057387315263003,0.08015360827128075,0.08336384000274745
0.016025600081391356,0.016154632522328287,0.01625723372883672,0.00041509158925505683,0.0006402147117930197,0.09602564263879115,0.0032065536681994185,25.6489653701911,0.08333438209291738,0.008483894264122748,0.4064307200052438,0.00013004976957685764,0.016031949536755675,0.03411477463052601,0.01603072165425615,0.016672768000549492
0.0032051200162782714,0.0032309265044656575,0.003251446745767344,8.301831785101138e-05,0.00012804294235860394,0.01920512852775823,0.0006413107336398837,17.609793074038222,0.016666876418583478,0.0016967788528245498,0.4812861440010488,2.600995391537153e-05,0.0032063899073511352,0.4068229549261052,0.0032061443308512303,0.40333455360010995
0.0006410240032556543,1.2006461853008934,0.0006502893491534688,0.8000166036635702,0.40002560858847175,0.0038410257055516463,0.00012826214672797675,82.72195861480765,0.4033333752837167,0.40033935577056495,0.09625722880020976,5.2019907830743064e-06,0.0006412779814702271,0.08136459098522104,0.0006412288661702461,34.64066691072002
0.00012820480065113088,32.24012923706018,0.00013005786983069377,0.16000332073271406,0.08000512171769436,0.40076820514111033,2.565242934559535e-05,16.54439172296153,0.08066667505674335,0.080067871154113,0.019251445760041952,1.0403981566148613e-06,0.40012825559629406,0.016272918197044208,0.00012824577323404922,7.328133382144005
2.5640960130226177e-05,6.848025847412037,2.6011573966138756e-05,0.03200066414654281,0.016001024343538874,0.4801536410282221,0.40000513048586916,75.2288783445923,0.01613333501134867,0.0160135742308226,0.0038502891520083905,2.0807963132297227e-07,0.08002565111925881,0.40325458363940886,2.5649154646809845e-05,1.465626676428801
0.40000512819202605,1.3696051694824076,5.202314793227752e-06,0.006400132829308562,0.003200204868707775,0.09603072820564443,0.4800010260971739,20.64577566891846,0.4032266670022698,0.00320271484616452,0.0007700578304016782,0.4000000416159263,0.41600513022385177,0.08065091672788177,0.8000051298309294,0.29312533528576024
0.48000102563840524,0.27392103389648154,1.0404629586455504e-06,0.0012800265658617126,0.000640040973741555,0.019206145641128887,0.09600020521943478,4.529155133783693,0.08064533340045396,0.000640542969232904,0.00015401156608033564,0.08000000832318527,0.08320102604477037,0.4161301833455764,0.560001025966186,0.45862506705715206
0.09600020512768105,0.05478420677929631,2.080925917291101e-07,0.40025600531317235,1.2001280081947485,0.0038412291282257775,0.419200041043887,28.74583102675674,0.016129066680090794,0.4001281085938466,0.4000308023132161,0.016000001664637054,0.016640205208954074,0.4832260366691153,0.1120002051932372,0.09172501341143041
0.019200041025536213,0.010956841355859262,5.600000041618519,0.4800512010626345,0.6400256016389497,0.4007682458256452,0.48384000820877743,65.74916620535134,0.0032258133360181587,0.48002562171876934,0.08000616046264322,0.003200000332927411,0.4033280410417908,0.09664520733382306,0.022400041038647442,0.4183450026822861
0.0038400082051072426,0.8021913682711719,79.92000000832371,0.09601024021252691,0.12800512032778996,0.08015364916512904,0.09676800164175549,13.549833241070269,0.4006451626672037,0.09600512434375387,0.016001232092528645,0.0006400000665854823,0.4806656082083582,0.41932904146676464,0.004480008207729489,0.08366900053645722
0.40076800164102144,0.5604382736542344,56.384000001664745,0.4192020480425054,0.425601024065558,0.01603072983302581,0.0193536003283511,39.34996664821406,0.48012903253344075,0.019201024868750777,0.003200246418505729,0.00012800001331709647,0.09613312164167165,0.08386580829335294,0.40089600164154593,0.016733800107291443
0.8801536003282043,0.5120876547308469,26.87680000033295,0.4838404096085011,0.48512020481311163,0.003206145966605162,0.40387072006567026,7.869993329642812,0.09602580650668815,0.40384020497375017,0.0006400492837011459,2.5600002663419295e-05,40.579226624328335,0.01677316165867059,2.4801792003283096,0.4033467600214583
0.5760307200656409,0.1024175309461694,6.57536000006659,0.49676808192170024,0.09702404096262233,0.0006412291933210325,0.08077414401313406,77.17399866592856,5.6192051613013385,0.48076804099475007,0.0001280098567402292,5.12000053268386e-06,8.115845324865667,2.803354632331734,0.4960358400656619,0.08066935200429166
0.5152061440131283,0.02048350618923388,1.315072000013318,0.49935361638434006,0.019404808192524468,0.0001282458386642065,0.016154828802626812,45.59479973318572,1.5238410322602678,0.8961536081989501,0.40002560197134807,0.40000102400010656,2.0231690649731333,0.9606709264663469,0.0992071680131324,0.016133870400858334
