0.0,0.0,0.0,0.4,0.0,0.0,0.0,0.0,0.0,0.4,0.8,0.8,0.0,25.36,0.0,0.0
9.28,0.4,0.0,0.48000000000000004,0.4,0.0,0.0,0.0,0.0,0.48000000000000004,0.16000000000000003,0.16000000000000003,0.4,5.072,0.0,0.0
1.8559999999999999,0.8800000000000001,0.0,69.296,0.48000000000000004,0.0,0.4,0.0,0.4,0.09600000000000002,0.43200000000000005,0.03200000000000001,0.08000000000000002,1.4144,0.0,0.0
0.7712,0.5760000000000001,0.0,93.45920000000001,0.49600000000000005,0.4,0.48000000000000004,0.4,42.32,0.019200000000000005,0.08640000000000002,0.40640000000000004,0.016000000000000004,0.28288,0.0,0.4
0.15424000000000002,0.5152000000000001,0.0,19.491840000000003,0.49920000000000003,0.48000000000000004,0.09600000000000002,0.48000000000000004,8.464,0.0038400000000000014,0.017280000000000004,0.08128000000000002,0.003200000000000001,0.45657600000000004,1.2000000000000002,0.08000000000000002
0.030848000000000004,0.50304,0.0,3.898368000000001,11.699840000000002,0.09600000000000002,0.4192,0.09600000000000002,1.6928,0.0007680000000000003,0.40345600000000004,0.016256000000000003,0.0006400000000000003,0.09131520000000001,0.24000000000000005,0.41600000000000004
50.5661696,0.500608,0.0,0.7796736000000002,2.739968,0.019200000000000005,0.8838400000000001,0.019200000000000005,0.7385600000000001,0.4001536,0.48069120000000004,0.003251200000000001,0.00012800000000000005,0.018263040000000005,0.048000000000000015,0.08320000000000001
13.79323392,0.10012160000000002,69.2,0.15593472000000005,0.5479936000000001,0.40384000000000003,0.5767680000000001,0.40384000000000003,0.14771200000000004,0.08003072,0.09613824000000001,0.40065024000000005,2.5600000000000012e-05,0.003652608000000001,0.009600000000000004,0.016640000000000002
19.878646784,0.42002432,89.76,0.431186944,0.5095987200000001,0.48076800000000003,0.11535360000000001,0.48076800000000003,0.42954240000000005,0.016006144,0.019227648000000003,4.400130048,5.120000000000003e-06,0.0007305216000000002,0.001920000000000001,0.403328
3.9757293568000005,0.884004864,18.352,0.08623738880000001,0.9019197440000001,0.0961536,0.023070720000000003,0.0961536,0.08590848000000001,0.0032012288000000002,0.40384552960000003,0.8800260096000001,0.40000102400000004,0.00014610432000000006,0.0003840000000000002,0.0806656
0.7951458713600001,0.5768009728000001,4.0704,0.01724747776,0.5803839488,0.41923072,0.004614144000000001,0.41923072,0.41718169600000005,0.0006402457600000001,0.48076910592000005,0.17600520192000002,0.08000020480000002,2.9220864000000012e-05,7.680000000000005e-05,0.41613312
0.15902917427200003,0.51536019456,0.8140800000000001,0.40344949555200005,0.51607678976,0.08384614400000001,0.0009228288000000002,0.08384614400000001,0.48343633920000006,0.00012804915200000002,0.49615382118400003,0.03520104038400001,0.016000040960000003,5.844172800000003e-06,1.5360000000000012e-05,0.48322662400000005
0.03180583485440001,0.10307203891200001,0.16281600000000004,0.48068989911040005,0.10321535795200001,3.2167692288,0.00018456576000000003,0.016769228800000004,0.09668726784000002,0.40002560983040003,0.4992307642368,0.4070402080768,0.403200008192,1.1688345600000006e-06,3.0720000000000025e-06,0.09664532480000002
40.00636116697088,0.020614407782400004,0.03256320000000001,0.09613797982208001,0.020643071590400006,63.04335384576001,0.8000369131520001,0.003353845760000001,0.019337453568000006,0.08000512196608,0.89984615284736,0.48140804161536005,0.08064000163840002,2.3376691200000014e-07,0.4000006144,0.019329064960000003
8.801272233394178,0.004122881556480001,0.40651264000000004,28.41922759596442,0.004128614318080002,13.408670769152003,0.16000738263040004,0.400670769152,0.4038674907136,0.016001024393216,0.179969230569472,0.49628160832307205,0.41612800032768005,4.675338240000003e-08,0.08000012288000001,0.803865812992
1.7602544466788357,0.0008245763112960003,0.08130252800000001,5.683845519192884,0.400825722863616,2.681734153830401,0.03200147652608001,0.08013415383040001,0.08077349814272,0.0032002048786432,0.035993846113894404,0.09925632166461441,0.8832256000655361,0.4000000093506765,0.016000024576000003,0.16077316259840002
0.35205088933576717,0.4001649152622592,0.016260505600000003,1.1367691038385768,0.48016514457272325,0.5363468307660803,0.006400295305216002,0.016026830766080004,0.016154699628544,0.0006400409757286401,0.007198769222778881,0.4198512643329229,0.17664512001310723,0.0800000018701353,0.0032000049152000006,0.43215463251968
0.47041017786715345,0.08003298305245185,0.0032521011200000007,0.22735382076771538,0.09603302891454465,0.507269366153216,0.0012800590610432005,1.6032053661532162,0.0032309399257088,0.40012800819514577,79.60143975384456,0.08397025286658459,0.43532902400262147,0.01600000037402706,0.0006400009830400001,0.08643092650393601
0.0940820355734307,0.01600659661049037,4.000650420224,0.04547076415354308,0.8192066057829089,0.10145387323064321,0.8002560118122087,0.3206410732306433,1.200646187985142,0.08002560163902916,85.44028795076892,0.01679405057331692,0.0870658048005243,0.40320000007480544,0.00012800019660800003,0.017286185300787203
0.41881640711468615,0.4032013193220981,50.88013008404481,0.40909415283070866,1.363841321156582,0.4202907746461287,0.5600512023624418,0.4641282146461287,0.24012923759702842,0.8160051203278059,17.088057590153785,0.4033588101146634,0.4174131609601049,0.08064000001496109,2.5600039321600008e-05,0.8034572370601575
0.8837632814229373,40.32064026386442,10.176026016808962,0.08181883056614174,1.0727682642313165,0.08405815492922575,0.11201024047248836,0.09282564292922574,0.4480258475194057,2.5632010240655614,3.417611518030757,39.840671762022936,0.08348263219202098,0.4161280000029922,5.120007864320002e-06,0.5606914474120315
1.3767526562845878,8.064128052772885,2.0352052033617922,0.01636376611322835,1.0145536528462633,0.01681163098584515,0.022402048094497674,0.018565128585845147,0.08960516950388114,1.3126402048131123,0.6835223036061514,8.368134352404587,0.016696526438404198,0.08322560000059845,1.0240015728640005e-06,0.1121382894824063
4.6753505312569175,2.012825610554577,0.40704104067235847,0.00327275322264567,0.20291073056925268,66.48336232619717,0.004480409618899535,0.0037130257171690295,0.01792103390077623,1.0625280409626225,0.5367044607212303,2.0736268704809175,0.00333930528768084,0.016645120000119692,0.4000002048003146,0.4224276578964813
2.9350701062513833,1.2025651221109155,0.4814082081344717,0.000654550644529134,0.04058214611385054,71.53667246523943,0.8008960819237799,0.40074260514343385,0.0035842067801552463,0.2125056081925245,0.5073408921442462,0.41472537409618354,0.0006678610575361681,0.0033290240000239386,40.48000004096007,0.08448553157929627
1.7870140212502768,0.6405130244221832,0.09628164162689434,31.120130910128907,0.008116429222770108,14.707334493047888,0.160179216384756,0.08014852102868678,0.4007168413560311,0.042501121638504905,0.10146817842884924,0.08294507481923671,2.0001335722115074,0.8006658048000048,40.016000008192016,0.016897106315859254
74.67740280425006,0.12810260488443664,79.21925632832539,6.224026182025781,0.0016232858445540217,3.341466898609578,0.0320358432769512,0.016029704205737356,0.08014336827120622,0.008500224327700982,0.4202936356857699,0.016589014963847345,0.40002671444230153,0.16013316096000096,48.80320000163841,0.003379421263171851
14.935480560850014,28.42562052097689,81.36385126566509,1.2448052364051563,0.00032465716891080435,1.0682933797219156,0.4064071686553903,0.0032059408411474716,0.016028673654241245,0.0017000448655401963,0.48405872713715403,0.003317802992769469,0.4800053428884603,0.4320266321920002,81.04064000032768,0.4006758842526344
3.3870961121700027,5.685124104195378,16.272770253133018,0.6489610472810313,2.4000649314337825,0.21365867594438315,0.08128143373107806,0.0006411881682294944,0.003205734730848249,0.0003400089731080393,0.09681174542743082,0.0006635605985538938,0.09600106857769207,0.08640532643840004,17.00812800006554,0.4801351768505269
79.077419222434,1.1370248208390756,4.054554050626604,0.12979220945620626,0.48001298628675654,0.04273173518887663,0.4162562867462156,0.00012823763364589887,0.40064114694616965,6.800179462160785e-05,0.019362349085486164,0.00013271211971077878,0.41920021371553845,0.01728106528768001,6.921625600013108,0.09602703537010539
65.1754838444868,0.22740496416781514,1.2109108101253208,0.42595844189124127,0.49600259725735135,0.008546347037775326,0.4832512573492431,2.5647526729179774e-05,0.48012822938923394,1.3600358924321571e-05,8.323872469817097,2.654242394215576e-05,0.8838400427431077,2.4034562130575363,1.3843251200026216,0.4192054070740211
14.63509676889736,40.445480992833566,0.24218216202506415,0.08519168837824825,0.4992005194514703,2.001709269407555,0.49665025146984865,0.8000051295053459,0.4960256458778468,0.4000027200717849,38.864774493963424,0.8000053084847885,0.5767680085486215,0.4806912426115073,0.2768650240005243,2.8838410814148046
3.3270193537794723,8.089096198566713,0.04843643240501283,40.01703833767565,0.09984010389029407,0.400341853881511,0.09933005029396974,0.16000102590106918,0.09920512917556937,0.08000054401435698,7.772954898792685,0.1600010616969577,0.11535360170972431,0.8961382485223015,0.05537300480010487,0.5767682162829609
0.6654038707558945,1.6178192397133426,0.009687286481002567,8.803407667535131,0.019968020778058815,0.4800683707763022,0.01986601005879395,0.03200020518021384,0.4198410258351139,0.016000108802871397,74.75459097975855,0.03200021233939154,0.023070720341944864,0.1792276497044603,0.411074600960021,0.1153536432565922
0.1330807741511789,74.24356384794267,0.0019374572962005136,2.1606815335070264,0.0039936041556117635,0.4960136741552605,0.00397320201175879,0.006400041036042768,0.08396820516702279,0.0032000217605742797,91.75091819595173,0.006400042467878309,0.004614144068388973,0.03584552994089207,0.48221492019200424,0.42307072865131845
0.02661615483023578,72.52871276958854,0.00038749145924010277,0.8321363067014054,0.0007987208311223527,6.259202734831052,0.0007946404023517579,0.40128000820720855,0.01679364103340456,0.0006400043521148559,18.350183639190345,0.4012800084935757,0.0009228288136777946,0.0071691059881784135,0.09644298403840085,0.0846141457302637
0.40532323096604717,14.905742553917708,7.749829184802056e-05,0.5664272613402811,0.00015974416622447057,2.451840546966211,0.0001589280804703516,0.4802560016414417,0.40335872820668095,0.0001280008704229712,4.070036727838069,0.4802560016987152,22.40018456576274,0.0014338211976356828,0.01928859680768017,0.8169228291460527
0.08106464619320944,2.981148510783542,0.40001549965836963,0.11328545226805622,0.40003194883324494,0.49036810939324216,0.4000317856160941,0.49605120032828837,0.0806717456413362,2.560017408459424e-05,1.2140073455676137,0.49605120033974304,5.6800369131525485,0.0002867642395271366,49.84385771936154,0.16338456582921057
40.01621292923864,0.9962297021567084,0.48000309993167395,0.022657090453611247,0.480006389766649,0.09807362187864843,0.08000635712321882,0.09921024006565768,0.01613434912826724,0.4000051200348169,0.6428014691135228,0.09921024006794861,1.5360073826305096,0.40005735284790545,9.968771543872307,0.03267691316584211
60.56324258584773,75.79924594043135,0.8960006199863348,0.4045314180907223,0.4960012779533298,0.4196147243757297,78.81600127142465,0.4198420480131316,0.0032268698256534482,0.08000102400696339,0.12856029382270456,0.019842048013589724,0.30720147652610197,0.08001147056958109,1.9937543087744616,0.40653538263316846
68.51264851716955,74.99984918808627,0.17920012399726698,0.08090628361814446,0.09920025559066598,0.08392294487514596,87.76320025428492,0.4839684096026263,0.0006453739651306896,0.01600020480139268,0.025712058764540913,0.003968409602717945,0.061440295305220397,0.01600229411391622,0.3987508617548923,0.0813070765266337
76.98252970343391,29.87996983761726,0.0358400247994534,0.41618125672362893,0.019840051118133195,0.016784588975029192,17.552640050856986,0.4967936819205253,0.8001290747930262,0.40320004096027856,6.805142411752909,0.4007936819205436,0.01228805906104408,0.003200458822783244,0.07975017235097848,0.4162614153053268
16.196505940686784,6.775993967523452,0.0071680049598906795,0.08323625134472579,0.40396801022362666,0.4033569177950059,3.5105280101713974,0.8993587363841051,0.16002581495860524,0.8806400081920558,8.961028482350581,0.4801587363841088,0.40245761181220885,0.0006400917645566489,0.015950034470195697,0.4832522830610654
3.239301188137357,1.7551987935046904,0.001433600991978136,0.41664725026894517,0.08079360204472534,0.08067138355900118,79.50210560203429,30.579871747276822,0.03200516299172105,0.5761280016384112,2.192205696470116,0.09603174727682176,0.08049152236244178,0.00012801835291132978,0.0031900068940391396,0.09665045661221308
0.6478602376274715,0.3510397587009381,0.4002867201983957,0.4833294500537891,0.4161587204089451,0.41613427671180026,73.82042112040686,6.115974349455365,0.00640103259834421,0.11522560032768224,0.4384411392940233,0.019206349455364355,0.41609830447248836,26.400025603670585,0.000638001378807828,0.01933009132244262
79.3295720475255,0.8702079517401877,0.08005734403967914,0.8966658900107578,0.08323174408178902,0.08322685534236006,14.764084224081373,2.4231948698910735,0.0012802065196688421,0.02304512006553645,0.08768822785880466,0.0038412698910728713,0.08321966089449767,5.680005120734117,0.0001276002757615656,0.0038660182644885237
86.26591440950511,0.17404159034803757,0.4160114688079358,0.5793331780021516,0.016646348816357803,40.816645371068475,3.3528168448162745,0.4846389739782147,0.4002560413039338,0.00460902401310729,0.01753764557176093,0.0007682539782145743,0.016643932178899534,1.5360010241468234,2.5520055152313122e-05,0.8007732036528977
18.45318288190102,0.4348083180696075,0.08320229376158716,0.11586663560043031,0.4033292697632716,25.123329074213697,0.670563368963255,0.496927794795643,0.08005120826078677,0.000921804802621458,0.0035075291143521863,0.4001536507956429,0.003328786435779907,0.3072002048293647,0.8000051040110305,0.16015464073057956
3.6906365763802045,0.0869616636139215,0.016640458752317434,0.023173327120086063,41.52066585395265,70.54466581484274,0.534112673792651,0.0993855589591286,0.016010241652157354,0.4001843609605243,0.40070150582287045,0.0800307301591286,0.0006657572871559815,0.461440040965873,0.16000102080220613,0.43203092814611593
0.7381273152760409,0.0173923327227843,0.4033280917504635,0.0046346654240172125,8.30413317079053,14.10893316296855,0.5068225347585302,0.01987711179182572,0.003202048330431471,0.08003687219210487,0.0801403011645741,0.016006146031825718,0.0001331514574311963,0.0922880081931746,0.03200020416044123,32.48640618562922
0.14762546305520818,0.0034784665445568605,0.08066561835009271,0.0009269330848034425,2.060826634158106,2.82178663259371,0.10136450695170605,0.003975422358365144,0.0006404096660862943,0.416007374438421,0.01602806023291482,0.0032012292063651436,2.663029148623926e-05,79.21845760163863,0.006400040832088246,6.497281237125844
7.149525092611043,0.4006956933089114,0.8161331236700186,0.40018538661696074,0.4121653268316212,0.564357326518742,0.42027290139034124,0.0007950844716730289,0.4001280819332173,0.0832014748876842,0.003205612046582964,2.000640245841273,5.326058297247852e-06,58.643691520327735,0.0012800081664176492,9.21945624742517
2.2299050185222087,0.0801391386617823,26.163226624734005,0.08003707732339216,0.48243306536632424,0.9128714653037484,0.08405458027806825,0.0001590168943346058,0.8800256163866436,0.01664029497753684,0.4006411224093166,1.2001280491682547,0.40000106521165946,24.12873830406555,0.00025600163328352984,1.843891249485034
0.44598100370444177,0.016027827732356458,5.632645324946802,0.01600741546467843,0.09648661307326485,0.18257429306074968,0.01681091605561365,3.180337886692116e-05,0.17600512327732873,0.4033280589955074,0.4801282244818633,0.24002560983365095,0.0800002130423319,4.825747660813111,5.120032665670597e-05,0.3687782498970068
0.08919620074088835,0.003205565546471292,1.1265290649893605,0.0032014830929356867,0.019297322614652973,0.43651485861214995,0.0033621832111227303,6.360675773384232e-06,0.03520102465546575,0.4806656117991015,0.09602564489637266,0.048005121966730194,0.01600004260846638,0.9651495321626222,2.4000102400653316,0.07375564997940136
0.01783924014817767,0.0006411131092942584,0.6253058129978721,0.0006402966185871374,0.0038594645229305946,0.08730297172243,0.0006724366422245461,1.2721351546768466e-06,0.00704020493109315,0.0961331223598203,0.41920512897927453,0.00960102439334604,0.003200008521693276,0.19302990643252446,2.8800020480130666,0.014751129995880272
0.0035678480296355342,0.0001282226218588517,0.12506116259957442,0.4001280593237174,0.0007718929045861189,4.737460594344487,0.00013448732844490924,0.8000002544270309,0.0014080409862186301,0.41922662447196407,0.08384102579585491,0.40192020487866925,0.0006400017043386553,0.038605981286504894,77.37600040960263,0.0029502259991760547
0.0007135696059271069,0.8000256445243719,40.265012232519915,0.4800256118647435,0.8001543785809173,66.8674921188689,2.689746568898185e-05,0.5600000508854062,0.8002816081972438,0.08384532489439282,0.016768205159170983,0.4803840409757339,0.00012800034086773106,0.007721196257300979,15.475200081920526,1.2005900451998355
0.0001427139211854214,0.5600051289048744,8.453002446503984,39.856005122372956,0.9600308757161835,14.17349842377378,0.8000053794931379,0.5120000101770813,0.5600563216394487,0.4167690649788786,0.003353641031834197,0.09607680819514679,2.5600068173546214e-05,0.0015442392514601957,3.0950400163841056,0.2401180090399671
2.8542784237084278e-05,0.11200102578097489,2.090600489300797,7.971201024474592,0.5920061751432367,2.8346996847547565,26.160001075898627,0.10240000203541627,0.11201126432788976,0.08335381299577573,0.8006707282063669,0.019215361639029357,5.120013634709243e-06,0.4003088478502921,0.6190080032768212,0.44802360180799344
0.4000057085568474,0.02240020515619498,79.61812009786016,1.5942402048949185,0.11840123502864736,0.9669399369509514,5.632000215179726,2.0204800004070833,0.022402252865577954,0.016670762599155144,0.16013414564127337,0.0038430723278058718,1.0240027269418485e-06,0.4800617695700584,0.12380160065536423,0.48960472036159874
0.08000114171136949,0.004480041031238996,84.80362401957203,2.718848040978984,0.023680247005729474,0.19338798739019028,1.1264000430359453,0.8040960000814167,77.60448045057312,0.40333415251983107,0.03202682912825468,0.0007686144655611744,2.0480054538836971e-07,0.0960123539140117,0.02476032013107285,0.09792094407231976
0.0160002283422739,0.0008960082062477993,16.960724803914406,0.5437696081957969,0.004736049401145895,0.03867759747803806,1.0252800086071892,0.16081920001628336,92.32089609011464,0.8806668305039662,0.006405365825650936,0.0001537228931122349,4.096010907767394e-08,0.01920247078280234,0.00495206402621457,0.019584188814463954
0.0032000456684547797,0.4001792016412496,3.3921449607828813,0.9087539216391595,0.0009472098802291791,0.007735519495607613,0.20505600172143784,0.4321638400032567,18.46417921802293,2.5761333661007937,0.40128107316513023,6.480030744578623,8.19202181553479e-09,0.003840494156560468,0.0009904128052429142,0.8039168377628928
42.800640009133694,0.08003584032824992,1.0784289921565762,0.5817507843278319,0.40018944197604583,0.0015471038991215227,0.04101120034428757,0.4864327680006514,4.092835843604586,0.5152266732201588,0.08025621463302605,22.576006148915727,0.4000000016384044,0.0007680988313120936,0.00019808256104858284,0.5607833675525786
8.960128001826739,0.016007168065649984,0.21568579843131525,0.11635015686556638,0.08003788839520917,0.40030942077982434,41.20820224006886,0.09728655360013028,0.8185671687209173,0.9030453346440318,0.4160512429266052,4.515201229783146,0.4800000003276809,0.00015361976626241874,3.961651220971657e-05,0.5121566735105157
1.7920256003653479,0.003201433613129997,0.043137159686263055,0.023270031373113276,0.41600757767904184,0.08006188415596488,8.241640448013772,72.33945731072004,0.16371343374418346,0.18060906692880638,0.08321024858532106,0.9030402459566291,0.09600000006553619,3.072395325248375e-05,0.800007923302442,0.10243133470210315
0.35840512007306957,39.60064028672263,0.008627431937252612,0.8046540062746227,0.08320151553580837,0.016012376831192977,1.6483280896027546,69.90789146214401,0.032742686748836694,0.4361218133857613,0.016642049717064213,0.9806080491913258,0.41920000001310725,0.4000061447906505,0.16000158466048842,0.4204862669404207
0.07168102401461392,8.320128057344526,40.16172548638745,0.16093080125492454,0.016640303107161674,0.0032024753662385956,0.729665617920551,13.981578292428802,0.8065485373497674,0.08722436267715226,0.0033284099434128427,0.19612160983826518,0.08384000000262146,0.08000122895813011,0.032000316932097685,0.4840972533880842
0.4143362048029228,2.0640256114689053,8.03234509727749,0.03218616025098491,0.8033280606214324,0.4006404950732477,0.1459331235841102,3.1963156584857604,0.1613097074699535,0.017444872535430454,0.0006656819886825685,0.03922432196765304,0.41676800000052433,0.01600024579162602,0.006400063386419537,0.09681945067761684
0.08286724096058457,0.4128051222937811,1.6064690194554982,0.006437232050196983,3.7606656121242867,0.08012809901464955,0.42918662471682206,1.0392631316971521,0.0322619414939907,0.0034889745070860907,0.0001331363977365137,0.00784486439353061,0.08335360000010487,0.8032000491583252,0.0012800126772839074,0.01936389013552337
61.61657344819212,40.32256102445876,0.3212938038910997,0.0012874464100393968,0.7521331224248574,0.41602561980292996,0.08583732494336442,0.20785262633943044,0.40645238829879815,0.0006977949014172182,2.6627279547302744e-05,0.0015689728787061218,0.016670720000020976,0.16064000983166504,2.000256002535457,0.003872778027104674
74.24331468963844,8.064512204891752,0.06425876077821994,0.00025748928200787936,0.5504266244849715,0.08320512396058599,0.017167464988672883,58.28157052526789,0.08129047765975964,0.40013955898028347,2.80000532545591,0.0003137945757412244,0.4033341440000042,2.8321280019663333,0.4000512005070914,0.0007745556054209349
14.848662937927688,1.6129024409783506,79.21285175215564,0.4000514978564016,0.5100853248969943,0.8166410247921172,0.4034334929977346,82.53631410505358,0.8162580955319519,0.0800279117960567,0.560001065091182,6.275891514824487e-05,0.08066682880000085,0.5664256003932667,0.08001024010141829,2.000154911121084
3.769732587585538,1.1225804881956702,19.04257035043113,0.08001029957128032,0.10201706497939887,0.5633282049584235,0.48068669859954694,17.307262821010717,0.1632516191063904,0.016005582359211342,0.1120002130182364,1.2551783029648976e-05,0.01613336576000017,0.11328512007865335,0.016002048020283658,0.40003098222421685
0.7539465175171076,36.384516097639136,66.68851407008623,0.4160020599142561,0.020403412995879777,0.1126656409916847,0.4961373397199094,3.4614525642021436,0.03265032382127808,0.0032011164718422688,0.4224000426036473,2.5103566059297954e-06,0.0032266731520000343,0.02265702401573067,0.0032004096040567317,0.08000619644484337
0.15078930350342154,7.276903219527828,13.737702814017247,0.48320041198285124,0.004080682599175956,0.022533128198336944,0.49922746794398193,0.6922905128404288,0.006530064764255617,0.0006402232943684538,0.4844800085207295,0.4000005020713212,0.000645334630400007,0.40453140480314614,0.40064008192081135,0.016001239288968676
0.03015786070068431,1.8553806439055656,80.34754056280346,0.49664008239657026,0.0008161365198351912,0.004506625639667389,0.0998454935887964,0.13845810256808574,0.0013060129528511234,0.00012804465887369075,0.0968960017041459,0.08000010041426425,0.40012906692608,0.08090628096062924,0.8801280163841623,0.40320024785779374
0.006031572140136863,0.3710761287811131,16.069508112560694,0.09932801647931405,0.00016322730396703825,0.0009013251279334777,0.4199690987177593,0.4276916205136172,0.40026120259057024,2.5608931774738153e-05,11.53937920034083,0.01600002008285285,0.48002581338521605,0.016181256192125848,0.5760256032768325,0.48064004957155876
0.0012063144280273727,0.47421522575622266,3.613901622512139,40.01986560329586,3.264546079340765e-05,0.00018026502558669556,0.08399381974355186,0.08553832410272344,0.48005224051811407,5.121786354947631e-06,3.5078758400681664,0.0032000040165705702,0.09600516267704322,0.4032362512384252,0.1152051206553665,0.4961280099143118
0.00024126288560547454,0.49484304515124455,0.7227803245024278,48.003973120659175,0.4000065290921587,3.605300511733911e-05,0.016798763948710372,0.8171076648205448,0.09601044810362282,0.40000102435727103,0.7015751680136333,0.40064000080331413,0.8192010325354087,0.48064725024768507,0.023041024131073302,0.09922560198286236
43.200048252577126,0.09896860903024891,0.14455606490048556,10.000794624131837,0.08000130581843175,0.4000072106010235,0.0033597527897420744,0.563421532964109,0.4192020896207246,0.0800002048714542,0.9403150336027267,0.48012800016066287,0.5638402065070818,0.09612945004953702,0.00460820482621466,0.019845120396572474
11.440009650515426,0.019793721806049783,0.42891121298009716,2.0001589248263674,0.4160002611636864,0.8800014421202047,0.0006719505579484149,0.1126843065928218,0.08384041792414493,0.016000040974290843,0.18806300672054535,70.49602560003214,0.5127680413014164,0.019225890009907404,0.40092164096524296,0.003969024079314495
2.288001930103085,0.003958744361209957,0.08578224259601944,0.4000317849652735,47.68320005223274,0.17600028842404095,3.20013439011159,0.02253686131856436,0.016768083584828987,0.4032000081948582,0.03761260134410907,33.69920512000643,0.10255360826028329,0.003845178001981481,0.4801843281930486,0.4007938048158629
0.45760038602061703,2.4007917488722423,0.4171564485192039,1.2800063569930549,10.73664001044655,0.8352000576848082,1.440026878022318,0.4045073722637129,0.40335361671696585,1.2806400016389718,0.007522520268821814,7.139841024001287,0.42051072165205666,0.0007690356003962962,0.49603686563860977,0.08015876096317259
0.09152007720412342,64.72015834977444,0.08343128970384078,0.256001271398611,59.74732800208931,0.16704001153696166,0.2880053756044636,0.4809014744527426,0.08067072334339317,0.25612800032779437,0.001504504053764363,4.627968204800258,0.08410214433041134,0.00015380712007925925,0.09920737312772196,0.41603175219263455
0.018304015440824686,64.94403166995488,0.016686257940768157,0.4512002542797222,12.349465600417863,0.03340800230739233,0.45760107512089276,0.09618029489054852,0.016134144668678636,0.051225600065558874,0.40030090081075287,0.9255936409600516,0.4168204288660823,0.8000307614240159,0.019841474625544392,0.883206350438527
0.0036608030881649374,12.988806333990977,0.0033372515881536315,0.8902400508559445,2.4698931200835728,67.28668160046148,0.09152021502417856,0.4192360589781097,0.0032268289337357274,0.010245120013111775,0.08006018016215058,0.18511872819201033,0.08336408577321647,0.1600061522848032,0.003968294925108878,0.17664127008770542
25.600732160617635,3.797761266798196,0.8006674503176308,0.5780480101711889,0.49397862401671455,92.2573363200923,0.018304043004835714,0.48384721179562196,0.0006453657867471455,0.002049024002622355,0.016012036032430118,0.4370237456384021,0.016672817154643294,0.43200123045696065,0.0007936589850217757,0.03532825401754108
5.920146432123527,1.1595522533596392,0.9601334900635262,0.9156096020342378,0.09879572480334292,18.45146726401846,0.40366080860096715,0.0967694423591244,0.40012907315734947,0.4004098048005245,0.0032024072064860236,8.48740474912768,0.003334563430928659,0.08640024609139213,0.00015873179700435515,0.40706565080350826
1.1840292864247055,0.23191045067192784,0.9920266980127053,6.1831219204068475,0.019759144960668586,5.2902934528036925,0.08073216172019343,0.4193538884718249,0.0800258146314699,0.0800819609601049,0.4006404814412972,2.097480949825536,0.0006669126861857319,0.017280049218278425,0.8000317463594009,0.08141313016070166
7.036805857284942,0.04638209013438557,0.19840533960254106,22.03662438408137,0.8039518289921338,1.0580586905607385,0.4161464323440387,0.48387077769436504,0.416005162926294,0.416016392192021,0.4801280962882595,1.2194961899651073,0.4001333825372372,0.003456009843655685,0.16000634927188018,0.41628262603214033
1.8073611714569884,0.009276418026877115,0.03968106792050821,4.407324876816275,0.16079036579842676,0.6116117381121478,0.08322928646880774,0.09677415553887302,0.08320103258525881,0.08320327843840421,0.49602561925765193,0.2438992379930215,0.48002667650744746,0.40069120196873115,0.032001269854376034,0.4832565252064281
3.161472234291398,0.001855283605375423,0.007936213584101643,0.881464975363255,0.03215807315968535,0.12232234762242955,0.01664585729376155,0.019354831107774605,0.4166402065170518,0.016640655687680844,14.899205123851532,0.0487798475986043,0.0960053353014895,0.08013824039374623,0.006400253970875207,0.09665130504128562
77.03229444685829,0.00037105672107508466,0.0015872427168203288,0.176292995072651,0.006431614631937071,0.024464469524485912,25.203329171458755,0.003870966221554921,0.08332804130341037,1.2033281311375363,4.579841024770307,0.00975596951972086,0.0192010670602979,0.016027648078749245,0.0012800507941750415,0.019330261008257126
15.406458889371658,7.421134421501693e-05,0.0003174485433640658,0.035258599014530205,49.60128632292639,0.004892893904897183,5.840665834291751,0.0007741932443109843,0.4166656082606821,0.24066562622750728,1.7159682049540614,0.001951193903944172,0.0038402134120595803,0.003205529615749849,0.00025601015883500833,1.2038660522016515
3.881291777874332,1.4842268843003387e-05,0.40006348970867284,0.40705171980290605,10.32025726458528,23.600978578780982,1.1681331668583501,0.4001548386488622,0.08333312165213642,0.04813312524550146,0.3431936409908123,0.40039023878078883,0.800768042682412,0.0006411059231499699,0.40005120203176703,1.0407732104403304
0.7762583555748664,0.40000296845376865,0.4800126979417346,0.08141034396058122,2.8640514529170558,5.120195715756197,79.03362663337168,0.4800309677297725,0.4166666243304273,0.009626625049100293,0.06863872819816245,0.08007804775615777,0.5601536085364824,0.00012822118462999397,0.0800102404063534,0.2081546420880661
0.5552516711149733,0.08000059369075374,0.49600253958834695,0.016282068792116244,1.3728102905834112,1.0240391431512395,88.60672532667434,0.09600619354595451,0.08333332486608547,0.0019253250098200587,0.013727745639632492,0.016015609551231557,0.1120307217072965,0.40002564423692605,0.016002048081270683,0.041630928417613226
0.11105033422299466,0.01600011873815075,0.09920050791766939,0.0032564137584232492,0.2745620581166823,0.2048078286302479,17.72134506533487,0.019201238709190903,7.216666664973217,0.400385065001964,0.0027455491279264987,0.0032031219102463117,0.0224061443414593,0.08000512884738521,0.40320040961625414,0.008326185683522646
0.022210066844598933,1.2032000237476304,0.01984010158353388,0.0006512827516846498,0.05491241162333646,0.04096156572604959,3.944269013066974,0.003840247741838181,2.243333332994643,0.48007701300039285,0.0005491098255852998,0.4006406243820493,31.204481228868296,0.016001025769477043,0.08064008192325084,0.40166523713670454
0.004442013368919787,1.0406400047495261,0.4039680203167068,0.40013025655033696,3.6109824823246672,0.008192313145209918,0.7888538026133949,0.0007680495483676363,0.4486666665989287,0.4960154026000786,0.00010982196511705996,0.8801281248764099,6.240896245773659,0.003200205153895409,0.016128016384650168,0.08033304742734092
0.800888402673784,0.20812800094990525,0.4807936040633414,0.0800260513100674,2.3221964964649335,0.401638462629042,0.157770760522679,0.4001536099096735,0.08973333331978574,0.09920308052001572,2.1964393023411994e-05,0.17602562497528199,1.2481792491547319,0.0006400410307790818,0.0032256032769300337,0.016066609485468186
68.08017768053476,0.8416256001899811,0.09615872081266828,0.016005210262013483,0.8644392992929868,0.0803276925258084,0.0315541521045358,0.08003072198193471,0.01794666666395715,0.019840616104003145,0.40000439287860473,0.035205124995056396,0.2496358498309464,0.40012800820615585,0.0006451206553860068,0.40321332189709364
72.17603553610695,0.5683251200379963,0.01923174416253366,7.203201042052403,0.5728878598585974,0.01606553850516168,0.00631083042090716,0.41600614439638695,0.40358933333279146,0.40396812322080067,0.480000878575721,0.00704102499901128,40.04992716996619,0.08002560164123118,0.4001290241310772,0.08064266437941874
14.435207107221391,0.11366502400759926,0.003846348832506732,2.640640208410481,0.5145775719717195,0.003213107701032336,0.40126216608418147,0.08320122887927739,0.0807178666665583,0.48079362464416014,0.0960001757151442,0.001408204999802256,8.009985433993238,0.016005120328246237,34.48002580482621,0.01612853287588375
45.84704142144429,0.02273300480151985,0.0007692697665013464,0.5281280416820963,0.1029155143943439,0.0006426215402064672,0.8802524332168363,0.4166402457758555,0.8161435733333117,0.09615872492883204,0.019200035143028843,0.00028164099996045124,1.6019970867986477,0.0032010240656492476,6.896005160965243,0.40322570657517676
9.569408284288858,0.0045466009603039705,0.4001538539533003,0.10562560833641926,0.4205831028788688,0.4001285243080413,0.5760504866433673,0.48332804915517114,1.3632287146666626,0.41923174498576643,0.0038400070286057687,0.4000563281999921,1.1203994173597296,0.0006402048131298496,1.3792010321930486,0.8806451413150354
1.9138816568577717,79.20090932019207,0.08003077079066007,0.021125121667283853,0.08411662057577377,0.8800257048616082,0.5152100973286735,0.09666560983103423,0.27264574293333255,0.4838463489971533,0.0007680014057211538,0.48001126563999846,0.22407988347194593,0.400128040962626,0.27584020643860974,0.17612902826300708
0.7827763313715543,88.24018186403842,0.016006154158132013,0.004225024333456771,0.016823324115154754,0.17600514097232167,0.5030420194657348,0.019333121966206845,0.054529148586666513,0.09676926979943067,0.00015360028114423077,5.296002253128,0.4448159766943892,0.0800256081925252,0.05516804128772195,0.035225805652601416
0.9565552662743109,17.648036372807685,0.0032012308316264025,0.0008450048666913542,0.003364664823030951,0.035201028194464336,0.10060840389314696,0.003866624393241369,0.010905829717333303,0.41935385395988617,3.0720056228846155e-05,12.2592004506256,0.8889631953388779,26.816005121638504,0.01103360825754439,0.007045161130520283
0.1913110532548622,3.529607274561537,0.4006402461663253,0.00016900097333827086,0.0006729329646061903,0.007040205638892867,0.42012168077862944,0.4007733248786483,0.002181165943466661,0.08387077079197724,0.4000061440112458,2.4518400901251205,0.1777926390677756,5.363201024327701,0.802206721651509,0.0014090322261040567
0.4382622106509725,3.5059214549123077,0.08012804923326507,3.380019466765418e-05,0.00013458659292123806,0.0014080411277785736,0.48402433615572593,0.4801546649757297,0.8004362331886934,0.41677415415839547,0.48000122880224916,0.4903680180250241,0.03555852781355512,1.0726402048655401,0.1604413443303018,1.200281806445221
0.48765244213019454,32.70118429098246,40.416025609846656,6.760038933530836e-06,2.6917318584247613e-05,0.40028160822555575,0.09680486723114519,0.49603093299514595,0.5600872466377387,0.4833548308316791,0.09600024576044984,0.09807360360500483,0.007111705562711024,0.21452804097310804,0.03208826886606036,0.2400563612890442
0.09753048842603891,6.540236858196493,8.083205121969332,6.000001352007787,5.383463716849523e-06,0.08005632164511116,0.01936097344622904,0.4992061865990292,0.11201744932754774,0.09667096616633583,0.41920004915208997,0.01961472072100097,0.4014223411125422,0.04290560819462161,0.006417653773212072,0.048011272257808844
0.4195060976852078,7.388047371639299,2.0166410243938664,10.800000270401558,0.4000010766927434,0.016011264329022234,0.0038721946892458082,0.09984123731980585,0.02240348986550955,0.01933419323326717,0.083840009830418,0.003922944144200194,0.4802844682225085,0.008581121638924322,0.0012835307546424145,0.4096022544515618
0.08390121953704156,3.07760947432786,0.8033282048787733,2.5600000540803114,0.08000021533854867,0.003202252865804447,0.4007744389378492,0.4199682474639612,0.40448069797310193,0.40386683864665346,0.4167680019660836,0.40078458882884005,0.49605689364450173,0.40171622432778487,0.0002567061509284829,0.8819204508903125
2.8167802439074086,1.015521894865572,0.16066564097575467,1.3120000108160623,0.41600004306770977,0.0006404505731608894,0.08015488778756985,0.08399364949279226,0.4808961395946204,0.08077336772933069,0.08335360039321672,0.08015691776576801,0.09921137872890035,0.08034324486555698,0.4000513412301857,0.1763840901780625
1.3633560487814818,0.6031043789731144,0.032133128195150934,0.6624000021632125,15.603200008613541,0.00012809011463217788,0.01603097755751397,0.8167987298985585,0.09617922791892408,0.01615467354586614,0.016670720078643345,0.8160313835531536,0.4198422757457801,0.8160686489731115,0.08001026824603714,0.0352768180356125
79.8726712097563,0.12062087579462288,0.006426625639030187,0.1324800004326425,3.1206400017227085,2.561802292643558e-05,0.40320619551150283,2.963359745979712,0.019235845583784817,0.40323093470917326,0.4033341440157287,0.16320627671063073,0.08396845514915602,0.5632137297946224,0.01600205364920743,0.0070553636071225
91.17453424195126,0.4241241751589246,0.0012853251278060376,0.42649600008652855,0.6241280003445417,5.123604585287116e-06,0.08064123910230057,0.5926719491959423,0.403847169116757,0.08064618694183466,0.08066682880314574,0.03264125534212615,0.8167936910298312,0.11264274595892448,0.003200410729841486,0.0014110727214245002
59.834906848390254,23.284824835031788,0.0002570650255612075,0.08529920001730572,0.12482560006890836,1.0247209170574232e-06,0.016128247820460115,0.5185343898391885,0.0807694338233514,1.2161292373883672,0.01613336576062915,0.0065282510684252296,0.9633587382059663,0.0225285491917849,0.0006400821459682973,0.4002822145442849
37.566981369678054,4.656964967006358,5.1413005112241506e-05,0.4170598400034612,0.42496512001378167,2.0494418341148465e-07,0.40322564956409207,0.10370687796783772,0.01615388676467028,0.24322584747767345,0.0032266731521258304,0.001305650213685046,0.19267174764119327,0.404505709838357,0.00012801642919365946,0.8800564429088571
7.913396273935612,0.9313929934012717,1.0282601022448302e-05,0.08341196800069224,0.08499302400275634,4.0988836682296935e-08,0.08064512991281841,0.020741375593567545,40.40323077735294,0.8486451694955347,0.4006453346304252,0.40026113004273706,0.03853434952823866,0.0809011419676714,2.5603285838731894e-05,0.17601128858177142
4.782679254787123,0.18627859868025434,2.0565202044896606e-06,0.01668239360013845,0.4169986048005513,8.197767336459387e-09,0.8161290259825638,0.004148275118713509,8.080646155470587,0.16972903389910696,0.8801290669260851,0.08005222600854742,0.007706869905647732,0.01618022839353428,0.40000512065716776,6.835202257716355
0.9565358509574247,0.03725571973605087,4.1130404089793214e-07,0.00333647872002769,0.08339972096011027,1.6395534672918774e-09,0.16322580519651275,36.40082965502374,1.6161292310941175,0.03394580677982139,0.5760258133852171,0.016010445201709484,0.0015413739811295465,0.40323604567870686,0.4800010241314336,14.567040451543273
0.19130717019148494,0.4074511439472102,8.226080817958643e-08,40.400667295744014,0.016679944192022053,3.279106934583755e-10,0.03264516103930255,8.08016593100475,1.1232258462188236,0.006789161355964278,0.11520516267704342,0.40320208904034194,2.0003082747962257,0.4806472091357414,0.49600020482628676,2.9134080903086548
0.03826143403829699,0.08149022878944205,1.6452161635917287e-08,8.480133459148803,0.003335988838404411,6.55821386916751e-11,0.006529032207860511,1.61603318620095,0.22464516924376474,0.40135783227119287,0.4230410325354087,26.480640417808072,0.40006165495924517,0.09612944182714828,0.4992000409652574,0.582681618061731
0.007652286807659398,0.016298045757888412,0.40000000329043234,1.6960266918297606,0.0006671977676808822,1.3116427738335021e-11,1.2013058064415723,0.32320663724019005,0.444929033848753,0.48027156645423863,0.48460820650708175,5.296128083561615,0.08001233099184904,0.019225888365429655,0.09984000819305149,0.11653632361234621
0.4015304573615319,0.4032596091515777,0.08000000065808648,0.3392053383659521,2.4001334395535365,2.6232855476670046e-12,0.6402611612883145,0.06464132744803801,0.0889858067697506,0.49605431329084776,34.49692164130141,1.459225616712323,0.41600246619836984,0.003845177673085931,0.0199680016386103,0.023307264722469245
0.08030609147230638,0.08065192183031555,40.17600000013162,0.06784106767319042,0.48002668791070735,5.246571095334009e-13,0.1280522322576629,0.012928265489607602,0.4177971613539501,0.8992108626581696,6.8993843282602825,0.2918451233424646,0.08320049323967398,0.0007690355346171863,1.6039936003277222,0.004661452944493849
0.016061218294461277,0.41613038436606314,8.435200000026326,0.013568213534638086,0.09600533758214147,1.0493142190668019e-13,0.025610446451532584,0.0025856530979215205,0.08355943227079003,0.17984217253163393,2.9798768656520567,0.05836902466849292,0.016640098647934795,1.2001538071069235,0.32079872006554444,0.0009322905888987699
0.0032122436588922555,0.08322607687321264,2.087040000005265,0.0027136427069276176,0.4192010675164283,2.0986284381336038e-14,0.005122089290306517,0.0005171306195843041,25.376711886454157,0.03596843450632679,0.9959753731304114,0.4116738049336986,0.003328019729586959,69.76003076142139,0.4641597440131089,2.4001864581177803
0.40064244873177846,0.41664521537464255,0.8174080000010531,0.0005427285413855236,66.48384021350329,4.197256876267208e-15,0.4010244178580613,0.40010342612391686,5.0753423772908315,0.4071936869012654,0.1991950746260823,0.08233476098673972,0.40066560394591744,91.55200615228429,0.09283194880262179,0.4800372916235561
0.4801284897463557,0.08332904307492851,0.16348160000021061,0.40010854570827714,13.296768042700657,8.394513752534416e-16,0.8802048835716123,0.4800206852247834,1.4150684754581664,0.08143873738025309,0.4398390149252165,0.016466952197347947,0.0801331207891835,18.710401230456856,0.018566389760524358,0.49600745832471127
11.216025697949272,0.016665808614985702,0.43269632000004216,0.08002170914165543,3.4593536085401313,1.6789027505068833e-16,0.5760409767143225,0.0960041370449567,0.28301369509163327,0.016287747476050617,0.08796780298504331,0.4032933904394696,0.4160266241578367,3.7420802460913714,0.0037132779521048716,0.49920149166494227
3.0432051395898547,0.0033331617229971407,0.08653926400000844,0.4160043418283311,0.6918707217080263,0.4000000000000001,0.11520819534286451,0.01920082740899134,0.05660273901832666,0.0032575494952101236,30.577593560597013,0.08065867808789393,0.08320532483156734,1.1484160492182744,0.0007426555904209743,0.09984029833298846
1.408641027917971,0.0006666323445994282,0.01730785280000169,0.08320086836566623,0.13837414434160528,0.48000000000000004,0.023041639068572903,0.0038401654817982684,0.011320547803665332,0.0006515098990420247,6.515518712119404,0.016131735617578784,0.016641064966313467,0.2296832098436549,0.40014853111808424,0.4199680596665977
0.6817282055835943,0.00013332646891988566,0.003461570560000338,0.016640173673133248,0.027674828868321056,0.49600000000000005,0.004608327813714581,0.0007680330963596538,0.0022641095607330666,0.00013030197980840494,1.3031037424238807,0.003226347123515757,0.0033282129932626935,0.045936641968730985,0.48002970622361685,0.4839936119333196
0.13634564111671885,2.6665293783977132e-05,0.0006923141120000676,77.60332803473463,0.005534965773664212,0.09920000000000001,0.40092166556274295,0.00015360661927193075,0.00045282191214661335,2.606039596168099e-05,0.6606207484847761,0.0006452694247031515,0.40066564259865256,0.009187328393746197,0.09600594124472338,0.896798722386664
0.4272691282233438,0.4000053330587568,0.4001384628224,87.44066560694694,0.8011069931547329,0.41984000000000005,0.08018433311254859,3.072132385438615e-05,9.056438242932267e-05,25.36000521207919,0.13212414969695524,0.0001290538849406303,0.48013312851973056,0.0018374656787492395,0.4192011882489447,0.5793597444773328
4.005453825644669,0.4800010666117514,0.48002769256448,17.48813312138939,0.1602213986309466,0.08396800000000001,0.016036866622509718,0.4000061442647709,1.8112876485864534e-05,5.4720010424158385,0.42642482993939107,2.5810776988126062e-05,0.09602662570394611,0.4003674931357499,0.08384023764978894,0.11587194889546658
1.2010907651289338,0.49600021332235034,0.096005538512896,3.4976266242778777,0.8320442797261893,0.016793600000000002,3.2032073733245023,0.08000122885295419,3.622575297172907e-06,1.4944002084831678,0.48528496598787824,5.162155397625213e-06,0.41920532514078923,0.08007349862714998,0.01676804752995779,0.42317438977909333
77.8402181530258,0.09920004266447008,0.0192011077025792,1.4995253248555755,0.5664088559452379,0.003358720000000001,1.0406414746649006,0.41600024577059086,2.40000072451506,0.29888004169663357,0.09705699319757566,1.0324310795250427e-06,0.08384106502815786,0.016014699725429998,0.003353609505991558,0.08463487795581867
95.16804363060517,40.4198400085329,0.0038402215405158404,0.29990506497111513,0.11328177118904759,0.0006717440000000002,1.0081282949329802,0.08320004915411817,0.880000144903012,0.05977600833932672,0.01941139863951513,2.0648621590500857e-07,0.016768213005631572,0.0032029399450859996,0.40067072190119835,0.016926975591163736
19.433608726121033,49.04396800170659,0.0007680443081031681,0.05998101299422303,0.02265635423780952,0.00013434880000000004,1.0016256589865962,0.41664000983082367,0.1760000289806024,0.011955201667865345,0.0038822797279030267,4.1297243181001713e-08,1.2033536426011264,0.0006405879890171999,0.4801341443802397,0.4033853951182328
44.28672174522421,10.608793600341318,0.40015360886162066,0.011996202598844607,0.004531270847561904,2.686976000000001e-05,0.20032513179731926,0.08332800196616474,0.03520000579612048,0.002391040333573069,0.0007764559455806054,0.40000000825944865,0.6406707285202253,0.00012811759780344,0.496026828876048,0.08067707902364657
8.857344349044842,3.721758720068264,0.48003072177232414,40.00239924051977,0.0009062541695123808,5.373952000000002e-06,0.04006502635946385,0.01666560039323295,0.007040001159224096,0.40047820806671464,0.40015529118911614,0.08000000165188974,0.12813414570404508,2.5623519560688e-05,0.49920536577520963,0.016135415804729315
1.7714688698089684,0.7443517440136529,0.09600614435446483,8.400479848103956,0.00018125083390247617,1.0747904000000004e-06,0.00801300527189277,0.40333312007864663,0.0014080002318448193,0.08009564161334293,2.8800310582378237,0.016000000330377948,0.025626829140809017,5.1247039121376005e-06,34.899841073155045,0.003227083160945863
0.7542937739617938,0.1488703488027306,0.01920122887089297,1.6800959696207913,3.625016678049524e-05,3.20000021495808,0.0016026010543785541,0.08066662401572933,0.400281600046369,0.016019128322668587,0.5760062116475647,0.0032000000660755896,0.005125365828161804,1.0249407824275202e-06,7.779968214631009,30.56064541663219
0.15085875479235877,0.02977406976054612,0.003840245774178594,1.1360191939241584,0.40000725003335613,68.72000004299161,0.00032052021087571086,0.016133324803145867,0.0800563200092738,0.0032038256645337175,0.11520124232951295,0.000640000013215118,0.0010250731656323607,0.4000002049881565,1.555993642926202,6.112129083326439
0.030171750958471757,0.40595481395210925,0.0007680491548357188,0.6272038387848318,67.36000145000668,72.14400000859833,0.8000641040421752,0.4032266649606292,0.8160112640018548,0.40064076513290675,0.023040248465902594,0.0001280000026430236,1.6002050146331266,0.0800000409976313,0.31119872858524045,2.422425816665288
0.40603435019169437,69.52119096279041,0.40015360983096715,0.12544076775696636,14.272000290001337,14.828800001719666,0.16001282080843504,0.48064533299212586,0.563202252800371,0.4801281530265814,0.0046080496931805185,0.4000256000005286,79.52004100292663,0.016000008199526263,0.062239745717048094,1.2844851633330576
0.4812068700383389,71.82423819255808,0.08003072196619343,0.025088153551393273,2.8544000580002677,3.765760000343933,0.03200256416168701,0.09612906659842518,0.1126404505600742,0.4960256306053163,0.8009216099386361,0.08000512000010573,55.904008200585324,0.003200001639905253,0.012447949143409619,0.2568970326666115
0.09624137400766779,14.364847638511618,0.4160061443932387,0.005017630710278655,0.5708800116000535,0.7531520000687867,0.006400512832337402,32.019225813319686,0.42252809011201486,0.09920512612106326,51.92018432198773,0.01600102400002115,11.180801640117066,0.0006400003279810507,0.002489589828681924,0.051379406533322305
0.4192482748015336,2.872969527702324,0.48320122887864775,23.84100352614206,0.5141760023200107,0.5506304000137574,0.4012801025664675,6.403845162663938,0.484505618022403,0.4198410252242127,10.384036864397547,0.00320020480000423,3.0361603280234135,0.00012800006559621015,0.4004979179657364,0.010275881306664462
8.963849654960308,0.5745939055404649,0.09664024577572955,5.168200705228412,0.10283520046400214,0.11012608000275148,0.0802560205132935,1.2807690325327876,0.09690112360448061,3.2839682050448427,2.0768073728795096,0.000640040960000846,1.4072320656046828,2.5600013119242033e-05,0.08009958359314728,0.4020551762613329
3.792769930992062,0.11491878110809298,1.2193280491551461,2.233640141045683,0.02056704009280043,0.022025216000550296,0.0160512041026587,47.056153806506565,0.019380224720896122,0.6567936410089685,0.41536147457590195,0.0001280081920001692,0.2814464131209366,5.120002623848407e-06,0.016019916718629457,0.4804110352522666
0.7585539861984124,0.022983756221618596,70.56386560983104,0.8467280282091366,0.004113408018560086,0.40440504320011006,0.0032102408205317403,9.411230761301313,0.0038760449441792248,0.1313587282017937,48.963072294915186,2.560163840003384e-05,0.05628928262418732,0.4000010240005248,1.203203983343726,0.09608220705045332
0.1517107972396825,0.40459675124432376,91.31277312196622,0.16934560564182732,0.0008226816037120171,0.08088100864002201,0.0006420481641063481,2.282246152260263,0.000775208988835845,0.02627174564035874,10.59261445898304,0.80000512032768,0.4112578565248375,0.08000020480010496,23.040640796668747,0.4192164414100907
0.0303421594479365,0.4809193502488648,18.262554624393243,0.8338691211283655,74.80016453632074,0.016176201728004404,0.00012840963282126963,0.4564492304520526,0.4001550417977672,0.4052543491280718,8.118522891796609,0.160001024065536,0.0822515713049675,0.016000040960020993,5.00812815933375,0.08384328828201815
7.606068431889588,0.496183870049773,3.6525109248786487,0.1667738242256731,14.960032907264148,0.003235240345600881,0.8000256819265643,0.49128984609041054,0.4800310083595535,0.4810508698256144,1.6237045783593218,0.43200020481310725,0.0164503142609935,0.40320000819200424,1.00162563186675,0.41676865765640364
1.9212136863779175,40.89923677400996,4.65050218497573,2.0333547648451344,4.59200658145283,0.8006470480691202,0.5600051363853129,1.2982579692180822,0.09600620167191071,0.09621017396512288,1.5247409156718645,0.8864000409626215,0.4032900628521987,0.08064000163840085,0.20032512637335,0.48335373153128075
0.3842427372755835,8.579847354801991,0.9301004369951461,0.4066709529690269,1.3184013162905661,0.9601294096138241,0.5120010272770626,0.6596515938436165,0.01920124033438214,0.019242034793024578,0.30494818313437294,0.17728000819252432,40.32065801257044,0.01612800032768017,0.040065025274670006,0.09667074630625616
6.076848547455117,1.7159694709603983,0.18602008739902923,0.08133419059380538,0.6636802632581132,0.5920258819227648,0.10240020545541254,0.5319303187687233,0.0038402480668764285,0.003848406958604916,0.46098963662687464,0.4354560016385049,8.464131602514088,0.40322560006553604,0.40801300505493404,0.41933414926125123
1.6153697094910235,0.7431938941920797,0.03720401747980585,1.2162668381187614,0.13273605265162267,0.11840517638455297,0.020480041091082507,0.10638606375374467,0.0007680496133752857,0.0007696813917209833,0.09219792732537493,0.08709120032770098,2.492826320502818,0.4806451200131072,0.08160260101098682,0.08386682985225025
0.3230739418982047,0.14863877883841595,0.00744080349596117,63.76325336762376,0.026547210530324536,14.103681035276912,0.004096008218216501,0.021277212750748935,0.00015360992267505715,0.4001539362783442,0.018439585465074987,0.017418240065540196,0.4985652641005636,0.09612902400262145,0.4163205202021974,0.01677336597045005
0.06461478837964095,0.02972775576768319,0.40148816069919224,12.752650673524753,0.40530944210606495,2.8207362070553827,0.4008192016436433,78.80425544255016,0.40003072198453504,0.08003078725566885,0.0036879170930149974,0.0034836480131080396,0.09971305282011272,0.019225804800524292,0.4832641040404395,0.40335467319409
0.41292295767592824,0.40594555115353664,40.64029763213984,2.550530134704951,0.881061888421213,0.9641472414110765,0.08016384032872867,94.16085108851004,0.08000614439690701,0.016006157451133773,0.0007375834186029995,0.000696729602621608,0.41994261056402254,0.0038451609601048587,0.0966528208080879,0.08067093463881801
0.08258459153518566,0.08118911023070734,8.128059526427968,0.5101060269409902,0.5762123776842426,0.5928294482822154,0.016032768065745735,19.23217021770201,0.016001228879381404,71.92320123149022,0.4001475166837206,2.8001393459205244,0.08398852211280451,0.400769032192021,0.019330564161617582,0.016134186927763604
0.41651691830703713,0.016237822046141468,2.425611905285594,0.10202120538819803,0.11524247553684852,0.11856588965644309,0.003206553613149147,3.846434043540402,0.8032002457758763,93.58464024629805,0.08002950333674413,0.5600278691841049,0.4167977044225609,0.0801538064384042,29.043866112832323,0.003226837385552721
0.48330338366140746,0.0032475644092282937,0.8851223810571188,0.020404241077639607,0.42304849510736975,0.023713177931288618,0.8006413107226299,1.1692868087080805,0.5606400491551753,18.71692804925961,0.01600590066734883,0.512005573836821,0.4833595408845122,0.01603076128768084,6.208773222566466,5.68064536747711
0.8966606767322816,0.4006495128818457,0.5770244762114238,0.004080848215527922,0.08460969902147396,0.4047426355862577,0.560128262144526,0.6338573617416161,40.11212800983103,4.5433856098519225,0.003201180133469766,0.1024011147673642,0.09667190817690245,0.003206152257536168,1.2417546445132932,2.3361290734954223
15.139332135346457,0.08012990257636915,0.5154048952422848,0.4008161696431056,0.01692193980429479,0.08094852711725155,0.11202565242890522,0.5267714723483232,8.022425601966207,1.3086771219703845,0.0006402360266939532,0.42048022295347287,0.019334381635380492,0.0006412304515072336,0.24835092890265864,0.4672258146990845
3.4278664270692913,0.01602598051527383,0.10308097904845698,0.08016323392862112,0.0033843879608589584,0.41618970542345035,0.022405130485781046,0.10535429446966466,1.6044851203932415,0.26173542439407693,0.4001280472053388,0.08409604459069459,0.003866876327076099,0.00012824609030144673,0.04967018578053173,6.893445162939818
1.0855732854138584,0.4032051961030548,0.020616195809691398,0.016032646785724226,0.0006768775921717917,0.08323794108469007,0.004481026097156209,8.741070858893934,0.32089702407864834,0.05234708487881539,1.680025609441068,0.816819208918139,0.0007733752654152198,0.40002564921806033,0.009934037156106346,2.9786890325879636
43.97711465708278,0.08064103922061096,0.4041232391619383,0.40320652935714485,0.00013537551843435835,0.016647588216938014,0.0008962052194312419,1.748214171778787,0.06417940481572967,0.4104694169757631,0.33600512188821363,0.5633638417836279,0.000154675053083044,0.08000512984361208,35.84198680743122,0.9957378065175928
51.595422931416564,0.01612820784412219,0.4808246478323877,0.08064130587142898,2.707510368687167e-05,0.003329517643387603,0.40017924104388625,0.3496428343557574,0.012835880963145935,0.48209388339515263,0.46720102437764277,0.5126727683567256,0.8000309350106166,0.016001025968722417,47.56839736148625,0.19914756130351857
50.31908458628331,0.40322564156882446,1.2961649295664777,0.4161282611742858,0.4000054150207374,0.40066590352867754,0.48003584820877726,3.2699285668711515,0.0025671761926291873,0.49641877667903056,0.4934402048755286,0.10253455367134512,0.16000618700212332,0.0032002051937444834,21.193679472297248,0.43982951226070377
20.783816917256665,0.48064512831376494,0.2592329859132955,0.08322565223485717,0.08000108300414749,0.08013318070573551,0.09600716964175546,0.6539857133742304,0.0005134352385258374,0.49928375533580616,0.4986880409751058,0.020506910734269024,0.03200123740042467,0.0006400410387488967,4.23873589445945,0.4879659024521408
4.556763383451334,0.096129025662753,24.291846597182662,0.41664513044697143,0.0160002166008295,0.0160266361411471,0.41920143392835113,0.13079714267484607,0.0001026870477051675,0.09985675106716124,0.09973760819502116,0.004101382146853805,0.006400247480084934,0.00012800820774977936,0.84774717889189,0.09759318049042816
2.511352676690267,0.0192258051325506,5.258369319436533,0.0833290260893943,0.0032000433201659,0.0032053272282294206,0.08384028678567024,0.026159428534969217,2.0537409541033502e-05,2.8199713502134327,0.019947521639004234,0.4008202764293708,0.40128004949601703,2.5601641549955875e-05,0.169549435778378,0.019518636098085632
1.3022705353380535,19.283845161026512,1.0516738638873067,0.01666580521787886,0.0006400086640331801,12.800641065445646,0.41676805735713407,0.005231885706993844,4.107481908206701e-06,0.5639942700426865,0.003989504327800847,0.08016405528587417,0.08025600989920341,5.120328309991175e-06,0.43390988715567563,0.0039037272196171266
26.26045410706761,3.8567690322053028,0.21033477277746135,0.003333161043575772,0.00012800173280663602,4.160128213089129,0.8833536114714269,0.0010463771413987688,8.214963816413402e-07,0.11279885400853731,0.0007979008655601694,0.4160328110571749,0.016051201979840682,1.024065661998235e-06,0.48678197743113516,1.2007807454439237
5.252090821413522,1.1713538064410605,0.4420669545554923,0.4006666322087152,0.40002560034656137,19.072025642617827,1.3766707222942856,0.4002092754282798,1.6429927632826805e-07,0.022559770801707464,0.0001595801731120339,0.483206562211435,0.8032102403959682,2.04813132399647e-07,0.09735639548622704,0.24015614908878474
1.8504181642827044,0.23427076128821211,0.4884133909110985,0.08013332644174304,0.08000512006931228,4.214405128523566,79.07533414445886,0.08004185508565596,3.285985526565361e-08,0.4045119541603415,0.4000319160346224,0.8966413124422871,2.1606420480791937,4.0962626479929405e-08,0.01947127909724541,0.848031229817757
1.170083632856541,0.44685415225764247,0.0976826781822197,0.41602666528834864,0.016001024013862455,0.8428810257047132,58.61506682889178,0.016008371017131193,6.571971053130722e-09,0.08090239083206831,0.4800063832069245,0.5793282624884575,0.8321284096158388,8.192525295985881e-09,0.0038942558194490825,0.16960624596355142
0.6340167265713083,0.4893708304515285,0.019536535636443943,0.08320533305766974,0.4032002048027725,0.16857620514094265,12.123013365778357,0.003201674203426239,1.3143942106261445e-09,0.4161804781664137,0.09600127664138491,0.1158656524976915,0.5664256819231678,1.6385050591971764e-09,0.40077885116388984,0.4339212491927103
0.12680334531426166,0.4978741660903057,0.0039073071272887885,40.256641066611536,2.8806400409605546,0.43371524102818854,2.8246026731556717,0.0006403348406852478,0.40000000026287885,0.08323609563328274,0.419200255328277,12.26317313049954,0.11328513638463356,3.277010118394353e-10,0.08015577023277798,0.48678424983854207
0.025360669062852333,20.81957483321806,0.0007814614254577578,8.451328213322308,0.976128008192111,0.48674304820563774,0.5649205346311343,0.4001280669681371,0.08000000005257578,0.016647219126656548,0.0838400510656554,4.052634626099908,0.8226570272769268,78.00000000006554,0.016031154046555595,0.09735684996770842
0.8050721338125705,4.163914966643612,0.00015629228509155156,1.6902656426644616,0.1952256016384222,0.09734860964112756,0.11298410692622687,0.08002561339362742,0.4160000000105152,0.00332944382533131,3.2167680102131313,0.8105269252199817,0.16453140545538536,91.60000000001311,0.003206230809311119,0.41947136999354173
0.1610144267625141,10.352782993328724,3.125845701831031e-05,0.3380531285328923,24.679045120327686,0.019469721928225513,0.022596821385245377,0.016005122678725486,0.48320000000210306,0.000665888765066262,0.6433536020426263,0.16210538504399635,0.03290628109107707,18.72000000000262,0.40064124616186225,0.4838942739987084
49.39220288535251,6.470556598665745,6.251691403662063e-06,0.06761062570657847,4.935809024065538,0.0038939443856451025,0.004519364277049075,0.0032010245357450974,0.09664000000042061,0.0001331777530132524,0.5286707204085253,0.03242107700879927,0.40658125621821545,3.7440000000005242,0.08012824923237245,0.09677885479974169
41.07844057707051,1.294111319733149,1.2503382807324127e-06,0.013522125141315695,0.9871618048131077,0.40077878887712903,0.000903872855409815,0.0006402049071490195,0.019328000000084125,0.4000266355506027,0.10573414408170506,0.006484215401759855,0.0813162512436431,0.7488000000001049,0.01602564984647449,0.019355770959948337
48.775688115414106,1.0588222639466298,2.500676561464826e-07,0.40270442502826315,0.5974323609626215,0.08015575777542581,0.00018077457108196302,0.0001280409814298039,0.40386560000001687,0.08000532711012054,0.021146828816341015,0.0012968430803519712,0.4162632502487286,0.149760000000021,0.0032051299692948984,0.8038711541919897
10.555137623082823,0.611764452789326,5.001353122929652e-08,79.68054088500566,0.11948647219252431,0.4160311515550852,3.6154914216392605e-05,0.40002560819628596,0.08077312000000338,0.01600106542202411,0.0042293657632682035,0.4002593686160704,0.48325265004974577,0.029952000000004197,0.0006410259938589797,0.16077423083839795
2.5110275246165648,0.9223528905578653,0.40000001000270624,93.53610817700114,0.023897294438504864,0.48320623031101706,0.4000072309828433,0.48000512163925724,0.016154624000000676,0.40320021308440485,0.0008458731526536407,0.0800518737232141,0.09665053000994916,0.8059904000000009,0.00012820519877179595,0.43215484616767963
0.502205504923313,0.18447057811157308,0.48000000200054127,18.707221635400227,0.004779458887700973,0.49664124606220345,0.08000144619656867,0.09600102432785146,0.003230924800000135,0.880640042616881,0.40016917463053076,0.01601037474464282,0.019330106001989835,0.1611980800000002,0.40002564103975435,0.08643096923353594
0.10044110098466259,0.036894115622314615,0.09600000040010825,3.7414443270800457,0.0009558917775401946,0.0993282492124407,0.016000289239313733,0.019200204865570294,0.0006461849600000271,0.9761280085233762,0.08003383492610616,0.0032020749489285643,0.003866021200397967,0.03223961600000004,0.08000512820795087,0.01728619384670719
0.42008822019693254,3.207378823124463,0.4192000000800217,1.148288865416009,0.40019117835550805,0.01986564984248814,0.0032000578478627467,0.0038400409731140592,0.40012923699200004,0.19522560170467526,0.016006766985221233,0.0006404149897857129,0.0007732042400795935,0.006447923200000008,0.4160010256415902,0.003457238769341438
2.484017644039387,1.0414757646248927,0.08384000001600433,43.42965777308321,0.08003823567110162,0.003973129968497628,0.0006400115695725494,0.0007680081946228119,0.8800258473984001,0.43904512034093507,0.40320135339704427,0.00012808299795714258,0.0001546408480159187,0.0012895846400000016,0.08320020512831805,0.0006914477538682877
