0.0,52.0,2.8000000000000003,1.6,0.0,0.0,0.0,0.0,0.0,0.4,0.0,0.0,0.0,0.0,0.4,0.0
0.0,15.600000000000001,0.56,0.32000000000000006,2.4000000000000004,0.0,0.8,0.4,0.0,0.08000000000000002,0.0,0.0,0.4,0.0,0.08000000000000002,0.0
0.0,9.920000000000002,0.11200000000000002,0.06400000000000002,0.4800000000000001,0.0,0.9600000000000001,0.08000000000000002,0.4,0.016000000000000004,0.4,0.0,0.08000000000000002,0.0,41.216,0.0
0.0,8.384,79.62240000000001,0.012800000000000004,0.09600000000000003,0.0,0.19200000000000003,0.016000000000000004,0.08000000000000002,0.003200000000000001,2.8800000000000003,0.4,0.016000000000000004,2.4000000000000004,8.2432,0.0
0.4,46.476800000000004,72.00448,40.40256000000001,0.01920000000000001,0.0,0.4384,0.003200000000000001,0.016000000000000004,0.40064,1.3760000000000001,0.48000000000000004,0.003200000000000001,0.4800000000000001,2.0486400000000002,2.4000000000000004
0.48000000000000004,9.29536,14.400896000000001,8.080512000000002,0.003840000000000002,0.4,0.08768000000000001,0.40064,0.003200000000000001,0.080128,0.6752,0.09600000000000002,0.0006400000000000003,0.09600000000000003,0.4097280000000001,0.4800000000000001
0.09600000000000002,1.8590720000000003,2.8801792000000006,1.6161024000000006,0.400768,0.08000000000000002,0.017536000000000003,0.080128,0.0006400000000000003,0.8160256,0.5350400000000001,0.019200000000000005,70.48012800000001,0.01920000000000001,0.08194560000000002,0.49600000000000005
0.019200000000000005,0.7718144000000001,0.5760358400000002,0.32322048000000014,0.0801536,0.016000000000000004,0.0035072000000000007,40.6560256,0.00012800000000000005,0.56320512,0.10700800000000002,0.0038400000000000014,81.85602560000001,0.003840000000000002,0.016389120000000004,0.09920000000000001
0.0038400000000000014,0.55436288,0.5152071680000001,0.06464409600000003,0.41603072,0.4032,0.0007014400000000002,8.531205120000001,0.40002560000000004,0.112641024,0.42140160000000004,0.0007680000000000003,26.851205120000003,0.0007680000000000005,0.003277824000000001,0.41984000000000005
0.0007680000000000003,4.110872576,0.10304143360000002,0.012928819200000006,0.08320614400000001,0.08064,0.00014028800000000005,2.1062410240000005,0.08000512000000001,0.42252820480000003,0.08428032000000002,2.4001536000000003,5.7702410240000015,0.0001536000000000001,0.0006555648000000002,0.48396800000000006
0.00015360000000000007,48.1821745152,0.42060828672000006,0.0025857638400000015,0.0166412288,0.416128,2.805760000000001e-05,0.42124820480000014,0.016001024000000003,3.28450564096,0.416856064,40.88003072000001,1.5540482048000004,3.0720000000000024e-05,0.00013111296000000005,0.09679360000000002
0.40003072,9.636434903040001,0.08412165734400001,0.40051715276800004,0.0033282457600000005,0.08322560000000001,5.611520000000003e-06,1.2842496409600002,0.4032002048,31.616901128192005,5.2833712128000005,8.176006144000002,1.5108096409600003,6.144000000000005e-06,2.6222592000000014e-05,0.019358720000000006
0.080006144,1.9272869806080004,0.016824331468800004,40.8801034305536,0.0006656491520000002,0.81664512,1.1223040000000006e-06,0.25684992819200003,0.08064004096,6.723380225638402,11.05667424256,1.6352012288000006,0.30216192819200005,0.4000012288,0.4000052445184,0.0038717440000000016
3.5360012288000005,0.3854573961216001,0.003364866293760001,8.176020686110721,1.6001331298304,0.5633290240000001,1.2000002244608001,2.8513699856384003,0.416128008192,1.3446760451276805,2.211334848512,0.3270402457600001,0.06043238563840001,0.08000024576,0.08000104890368001,0.0007743488000000004
1.10720024576,0.07709147922432003,0.0006729732587520002,1.6352041372221444,0.32002662596608,1.7126658048,0.24000004489216004,52.41027399712768,0.08322560163840001,0.2689352090255361,0.44226696970240004,0.06540804915200003,0.012086477127680004,26.816000049152002,0.016000209780736,0.00015486976000000008
0.22144004915200002,0.015418295844864005,0.00013459465175040005,0.3270408274444289,0.064005325193216,0.7425331609600001,0.44800000897843206,10.482054799425537,0.41664512032768003,0.05378704180510722,0.08845339394048002,0.41308160983040004,0.002417295425536001,5.3632000098304005,20.80320004195615,0.40003097395200005
0.04428800983040001,0.0030836591689728013,0.4000269189303501,0.06540816548888578,0.4128010650386432,0.14850663219200003,0.4896000017956864,2.0964109598851075,0.08332902406553601,0.010757408361021445,0.017690678788096003,0.48261632196608006,0.0004834590851072002,78.67264000196609,4.16064000839123,0.4800061947904
0.40885760196608,0.0006167318337945603,0.08000538378607003,0.4130816330977772,0.08256021300772864,0.029701326438400007,0.09792000035913728,0.8192821919770216,0.016665804813107202,0.002151481672204289,0.003538135757619201,4.896523264393217,0.40009669181702145,80.93452800039321,0.832128001678246,0.49600123895808
0.481771520393216,0.00012334636675891207,0.016001076757214006,0.08261632661955544,1.6165120426015458,0.0059402652876800015,0.019584000071827458,38.40385643839541,0.003333160962621441,0.0004302963344408578,0.0007076271515238402,30.339304652878646,4.080019338363404,16.58690560007864,0.5664256003356493,0.09920024779161601
0.0963543040786432,0.4000246692733518,0.0032002153514428013,0.016523265323911088,0.32330240852030917,0.0011880530575360004,1.2039168000143656,7.680771287679082,0.0006666321925242882,24.64008605926689,0.00014152543030476804,6.06786093057573,3.216003867672681,3.317381120015728,0.5132851200671299,0.4198400495583232
0.4192708608157287,0.08000493385467036,0.0006400430702885603,0.40330465306478225,0.06466048170406184,0.0002376106115072001,26.640783360002875,1.5361542575358165,0.40013332643850485,4.928017211853378,2.830508606095361e-05,1.213572186115146,4.243200773534536,0.6634762240031457,0.10265702401342598,0.48396800991166466
0.08385417216314574,0.4160009867709341,0.00012800861405771208,79.28066093061295,0.4129320963408124,0.40004752212230144,5.728156672000575,0.30723085150716334,0.08002666528770097,0.9856034423706757,0.4000056610172122,0.6427144372230292,1.2486401547069073,0.13269524480062914,29.22053140480269,0.49679360198233297
0.4167708344326292,0.08320019735418682,2.560172281154242e-05,65.0561321861226,0.08258641926816249,0.0800095044244603,1.1456313344001152,0.06144617030143267,0.016005333057540195,0.5971206884741351,0.08000113220344245,0.12854288744460585,2.2497280309413816,76.82653904896014,5.844106280960538,0.4993587203964666
0.4833541668865259,0.016640039470837364,5.120344562308484e-06,13.01122643722452,0.0165172838536325,0.01600190088489206,0.22912626688002305,0.012289234060286536,25.843201066611506,0.11942413769482703,0.01600022644068849,0.4257085774889212,0.44994560618827634,75.36530780979203,1.5688212561921078,0.49987174407929336
0.4966708333773052,0.4033280078941675,1.0240689124616969e-06,2.6022452874449042,0.0033034567707264997,0.003200380176978412,0.04582525337600461,0.0024578468120573073,5.568640213322302,0.42388482753896545,0.003200045288137698,0.08514171549778425,0.08998912123765528,15.473061561958406,0.31376425123842155,7.699974348815859
0.09933416667546105,0.08066560157883351,2.0481378249233938e-07,0.5204490574889808,0.0006606913541453,0.0006400760353956824,0.009165050675200922,0.0004915693624114615,1.1137280426644605,0.0847769655077931,0.0006400090576275397,0.01702834309955685,0.017997824247531057,4.694612312391682,0.06275285024768432,11.219994869763172
0.01986683333509221,0.016133120315766702,4.096275649846788e-08,0.5040898114977962,2.0001321382708293,0.40012801520707914,0.0018330101350401845,9.83138724822923e-05,0.6227456085328922,0.01695539310155862,0.00012800181152550794,0.00340566861991137,0.0035995648495062114,79.33892246247834,0.012550570049536865,2.2439989739526345
0.003973366667018442,0.40322662406315335,8.192551299693576e-09,0.10081796229955925,28.640026427654163,0.48002560304141584,0.0003666020270080369,1.966277449645846e-05,0.12454912170657845,0.003391078620311724,0.4000256003623051,0.0006811337239822741,0.0007199129699012423,15.867784492495668,0.002510114009907373,0.4487997947905269
0.4007946733334037,0.48064532481263067,0.4000000016385103,0.020163592459911853,5.728005285530833,0.49600512060828317,7.33204054016074e-05,3.932554899291692e-06,0.4249098243413157,0.40067821572406237,0.48000512007246104,0.00013622674479645482,74.80014398259398,3.173556898499134,0.0005020228019814746,0.08975995895810539
0.48015893466668075,0.4961290649625262,0.08000000032770206,0.4040327184919824,1.545601057106167,0.09920102412165664,1.466408108032148e-05,0.8000007865109799,0.08498196486826315,40.24013564314482,0.49600102401449225,2.7245348959290965e-05,73.7600287965188,0.6347113796998268,0.4001004045603963,0.017951991791621078
0.09603178693333615,0.49922581299250524,0.41600000006554044,0.08080654369839649,0.3091202114212334,0.01984020482433133,13.600002932816217,0.960000157302196,0.41699639297365265,8.448027128628965,0.4992002048028985,5.449069791858194e-06,15.15200575930376,0.5269422759399653,0.08002008091207927,0.0035903983583242156
0.019206357386667233,0.4998451625985011,0.48320000001310814,0.4161613087396793,0.8618240422842467,0.8039680409648663,2.7200005865632435,0.1920000314604392,0.08339927859473054,1.689605425725793,0.0998400409605797,1.0898139583716388e-06,3.0304011518607523,0.10538845518799307,0.016004016182415853,0.40071807967166484
0.003841271477333447,0.09996903251970023,0.09664000000262163,0.08323226174793587,30.892364808456847,0.5607936081929733,0.9440001173126488,0.43840000629208786,3.2166798557189464,0.3379210851451586,0.019968008192115944,0.40000021796279167,0.6060802303721505,0.021077691037598614,0.0032008032364831706,0.48014361593433297
7.280768254295467,0.4199938065039401,0.01932800000052433,0.016646452349587174,6.178472961691369,0.11215872163859467,0.5888000234625298,0.4876800012584176,0.6433359711437894,0.06758421702903172,0.003993601638423189,0.08000004359255834,0.12121604607443011,0.004215538207519723,0.4006401606472967,0.0960287231868666
1.4561536508590933,0.48399876130078806,0.003865600000104866,0.8033292904699175,1.235694592338274,0.022431744327718935,0.11776000469250597,0.49753600025168354,0.1286671942287579,0.013516843405806346,0.0007987203276846378,79.61600000871852,0.824243209214886,0.0008431076415039446,0.08012803212945935,0.41920574463737337
0.29123073017181866,0.09679975226015762,0.400773120000021,0.1606658580939835,1.847138918467655,0.004486348865543787,0.023552000938501197,0.09950720005033671,0.025733438845751577,1.2027033686811615,0.40015974406553695,56.5632000017437,0.1648486418429772,0.4001686215283008,41.216025606425895,0.08384114892747468
0.45824614603436375,0.019359950452031524,0.08015462400000421,0.0321331716187967,0.369427783693531,0.0008972697731087575,0.00471040018770024,0.019901440010067342,0.005146687769150316,1.0405406737362324,0.08003194881310739,61.31264000034874,0.03296972836859544,0.08003372430566016,47.44320512128518,0.01676822978549494
0.49164922920687276,0.8038719900904063,0.016030924800000842,0.006426634323759341,0.07388555673870621,0.0001794539546217515,0.000942080037540048,0.8039802880020135,0.0010293375538300632,71.00810813474725,0.01600638976262148,52.662528000069756,0.006593945673719089,0.016006744861132034,9.488641024257037,0.003353645957098988
0.09832984584137455,65.36077439801808,0.0032061849600001687,0.4012853268647519,0.014777111347741243,3.58907909243503e-05,0.0001884160075080096,0.5607960576004027,0.40020586751076603,86.12162162694945,69.68320127795252,12.532505600013952,0.0013187891347438178,0.4032013489722264,1.8977282048514075,3.20067072919142
0.4196659691682749,74.27215487960362,0.40064123699200005,0.08025706537295038,0.002955422269548249,0.4000071781581849,3.768320150160192e-05,0.5121592115200806,0.08004117350215322,17.22432432538989,92.73664025559052,2.5065011200027905,0.4002637578269488,0.08064026979444529,19.499545640970283,0.640134145838284
0.483933193833655,15.254430975920725,0.08012824739840002,0.4160514130745901,13.28059108445391,0.08000143563163697,7.536640300320384e-06,0.5024318423040162,0.016008234700430644,3.844864865077978,95.7473280511181,0.9013002240005581,2.0800527515653897,0.01612805395888906,5.0999091281940565,0.1280268291676568
0.496786638766731,3.050886195184145,0.016025649479680004,0.08321028261491803,3.456118216890782,0.4160002871263274,0.4000015073280601,0.10048636846080324,0.40320164694008614,1.1689729730155958,27.629465610223622,0.18026004480011162,0.816010550313078,0.003225610791777812,1.0199818256388113,80.02560536583353
0.49935732775334624,69.49017723903683,0.003205129895936001,0.016642056522983607,0.6912236433781564,0.08320005742526548,0.08000030146561203,0.020097273692160647,0.48064032938801726,0.23379459460311916,6.325893122044724,0.03605200896002233,0.16320211006261562,0.0006451221583555624,0.6039963651277623,87.92512107316671
0.09987146555066925,68.93803544780737,0.0006410259791872002,0.0033284113045967214,0.9382447286756314,0.016640011485053098,0.01600006029312241,0.40401945473843215,0.09612806587760346,0.44675891892062386,1.265178624408945,0.007210401792004466,0.032640422012523124,0.0001290244316711125,34.120799273025554,17.585024214633343
0.4199742931101339,47.787607089561476,0.00012820519583744004,0.40066568226091936,0.5876489457351263,0.40332800229701066,0.003200012058624482,0.08080389094768643,0.4192256131755207,0.08935178378412478,0.6530357248817891,0.4014420803584009,0.006528084402504625,2.58048863342225e-05,6.824159854605111,3.517004842926669
0.4839948586220268,9.957521417912297,2.564103916748801e-05,33.92013313645218,0.11752978914702526,0.08066560045940213,0.800640002411725,0.016160778189537286,0.08384512263510414,0.417870356756825,0.1306071449763578,0.4802884160716802,0.4013056168805009,0.40000516097726685,1.7648319709210223,0.7034009685853339
0.8967989717244054,2.3915042835824596,0.4000051282078335,6.784026627290436,0.023505957829405053,0.41613312009188047,0.560128000482345,0.0032321556379074573,79.21676902452703,0.083574071351365,0.4261214289952716,0.4960576832143361,0.0802611233761002,0.08000103219545338,1.1529663941842045,0.14068019371706678
0.9793597943448811,0.8783008567164919,0.0800010256415667,1.7568053254580875,0.004701191565881011,0.0832266240183761,0.112025600096469,0.4006464311275815,95.04335380490541,0.416714814270273,0.8852242857990544,0.09921153664286722,0.4160522246752201,0.016000206439090676,0.23059327883684091,0.4281360387434134
0.19587195886897624,0.1756601713432984,0.41600020512831337,0.3513610650916175,0.4009402383131762,0.016645324803675223,3.542405120019294,38.080129286225514,19.008670760981083,0.08334296285405461,0.9770448571598109,0.019842307328573446,0.08321044493504402,0.0032000412878181355,0.046118655767368184,0.08562720774868268
0.43917439177379525,0.03513203426865968,0.08320004102566268,0.07027221301832351,0.4801880476626353,0.40332906496073506,1.1084810240038587,48.01602585724511,3.8017341521962167,36.65666859257081,0.5954089714319623,0.003968461465714689,0.016642088987008804,0.0006400082575636272,0.009223731153473637,0.8171254415497365
0.08783487835475906,0.807026406853732,0.016640008205132537,0.014054442603664702,0.49603760953252707,0.48066581299214706,0.22169620480077176,88.80320517144902,1.5603468304392434,8.131333718514163,17.159081794286394,0.0007936922931429379,0.003328417797401761,0.00012800165151272545,0.0018447462306947276,0.16342508830994731
0.017566975670951814,0.9614052813707464,0.0033280016410265076,0.802810888520733,0.09920752190650542,70.97613316259843,0.044339240960154354,17.760641034289804,0.3120693660878487,1.6262667437028329,5.031816358857279,0.0001587384586285876,0.0006656835594803523,2.5600330302545093e-05,0.0003689492461389455,0.43268501766198947
0.0035133951341903627,2.1922810562741493,0.0006656003282053016,0.1605621777041466,0.019841504381301084,84.5152266325197,0.008867848192030871,3.552128206857961,0.06241387321756974,1.1252533487405667,1.006363271771456,0.4000317476917257,0.00013313671189607045,5.120066060509019e-06,7.37898492277891e-05,0.0865370035323979
0.0007026790268380726,0.43845621125482986,0.8001331200656411,0.03211243554082932,0.40396830087626023,16.90304532650394,0.0017735696384061743,1.1104256413715923,0.012482774643513949,0.22505066974811336,0.6012726543542912,0.08000634953834515,0.40002662734237926,1.0240132121018038e-06,1.4757969845557821e-05,0.4173074007064796
0.4001405358053676,0.08769124225096597,0.16002662401312823,0.8064224871081659,0.08079366017525205,3.380609065300788,0.0003547139276812349,0.6220851282743185,0.8024965549287029,0.04501013394962267,69.64025453087086,0.016001269907669032,0.08000532546847586,0.4000002048026424,2.9515939691115643e-06,0.08346148014129592
0.08002810716107353,0.017538248450193195,0.03200532480262565,0.1612844974216332,0.016158732035050413,0.6761218130601576,7.094278553624698e-05,0.1244170256548637,0.16049931098574058,0.8090020267899246,79.92805090617418,0.0032002539815338066,0.01600106509369517,5.680000040960529,0.40000059031879387,0.016692296028259185
0.016005621432214706,0.003507649690038639,0.00640106496052513,0.03225689948432664,0.4032317464070101,0.13522436261203152,1.4188557107249398e-05,0.024883405130972744,0.03209986219714812,0.16180040535798493,15.985610181234836,1.2006400507963069,0.40320021301873904,20.256000008192107,0.4800001180637588,0.0033384592056518374
0.0032011242864429415,0.0007015299380077278,0.001280212992105026,0.8064513798968653,0.08064634928140202,0.027044872522406307,0.4000028377114215,0.40497668102619455,0.006419972439429624,0.032360081071596984,3.1971220362469674,79.04012801015928,37.68064004260375,4.0512000016384215,0.09600002361275177,0.4006676918411304
0.0006402248572885883,0.4001403059876016,0.0002560425984210052,0.16129027597937307,0.016129269856280406,0.005408974504481262,0.0800005675422843,0.48099533620523893,0.001283994487885925,0.006472016214319397,0.6394244072493935,16.208025602031856,7.53612800852075,0.8102400003276844,0.019200004722550356,6.0801335383682265
0.00012804497145771766,0.08002806119752032,0.40005120851968423,0.032258055195874616,0.0032258539712560815,0.4010817949008963,0.01600011350845686,0.09619906724104779,0.00025679889757718497,0.4012944032428639,0.5278848814498788,3.6416051204063713,1.90722560170415,71.36204800006554,0.4038400009445101,2.4160267076736455
2.5608994291543535e-05,0.016005612239504065,0.08001024170393685,1.2064516110391752,0.0006451707942512164,0.08021635898017926,0.4032000227016914,0.01923981344820956,5.1359779515436996e-05,0.4802588806485728,0.5055769762899758,0.7283210240812743,0.38144512034083,87.9524096000131,0.08076800018890203,0.8832053415347292
5.121798858308708e-06,0.003201122447900813,0.016002048340787372,0.24129032220783506,0.00012903415885024327,1.216043271796036,0.08064000454033829,0.0038479626896419125,1.02719559030874e-05,0.49605177612971457,22.421115395257996,0.14566420481625486,0.07628902406816601,17.59048192000262,0.8161536000377805,0.17664106830694584
1.0243597716617415e-06,0.4006402244895802,0.0032004096681574746,0.048258064441567015,0.4000258068317701,0.6432086543592073,0.8161280009080677,0.0007695925379283825,2.05439118061748e-06,0.09921035522594292,4.8842230790515995,0.029132840963250972,0.015257804813633202,58.87809638400053,0.16323072000755612,0.8353282136613892
2.048719543323483e-07,1.2801280448979162,0.000640081933631495,35.76965161288832,0.48000516136635407,0.5286417308718415,0.16322560018161356,0.8001539185075858,4.1087823612349607e-07,0.019842071045188585,5.29684461581032,0.4058265681926502,0.0030515609627266406,61.61561927680011,0.032646144001511224,0.5670656427322779
4.0974390866469665e-08,38.896025608979585,0.000128016386726299,7.153930322577664,0.49600103227327086,0.10572834617436831,0.032645120036322715,0.5600307837015172,0.8000000821756472,0.003968414209037717,1.059368923162064,0.08116531363853005,0.0006103121925453282,12.323123855360024,0.006529228800302245,0.11341312854645558
8.194878173293934e-09,7.7792051217959175,2.56032773452598e-05,28.630786064515537,0.09920020645465417,0.021145669234873665,0.006529024007264544,0.11200615674030344,0.16000001643512946,0.40079368284180755,0.2118737846324128,0.41623306272770605,0.00012206243850906565,2.464624771072005,0.0013058457600604492,0.022682625709291117
79.20000000163898,1.5558410243591836,5.1206554690519605e-06,6.526157212903107,0.019840041290930838,0.004229133846974733,0.0013058048014529088,0.8224012313480608,0.4320000032870259,0.48015873656836155,0.4423747569264826,0.08324661254554122,0.4000244124877018,0.492924954214401,0.0002611691520120898,0.4045365251418582
79.9200000003278,0.3111682048718367,1.024131093810392e-06,1.3052314425806215,0.003968008258186168,0.0008458267693949467,0.40026116096029063,0.5644802462696121,0.08640000065740519,0.49603174731367233,0.48847495138529656,0.016649322509108246,0.48000488249754036,0.4985849908428802,5.223383040241797e-05,0.48090730502837165
15.984000000065562,0.062233640974367344,0.4000002048262188,0.2610462885161243,0.0007936016516372337,0.40016916535387903,0.08005223219205813,0.11289604925392244,0.017280000131481038,36.89920634946274,0.4976949902770593,0.4033298645018217,0.09600097649950808,0.09971699816857604,1.0446766080483595e-05,0.49618146100567434
3.1968000000131127,0.4124467281948735,0.08000004096524377,0.05220925770322487,0.40015872033032746,0.08003383307077581,79.21601044643842,0.022579209850784487,0.0034560000262962077,7.379841269892548,0.09953899805541187,0.08066597290036434,0.019200195299901617,0.01994339963371521,2.0893532160967193e-06,0.4992362922011349
0.6393600000026226,0.0824893456389747,0.016000008193048754,0.010441851540644975,5.360031744066066,0.4160067666141552,79.76320208928769,0.004515841970156898,0.40069120000525926,1.4759682539785097,79.61990779961108,0.016133194580072868,0.0038400390599803236,0.003988679926743042,4.1787064321934387e-07,0.09984725844022699
0.12787200000052454,0.41649786912779496,0.003200001638609751,0.002088370308128995,2.272006348813213,0.08320135332283105,15.952640417857538,0.0009031683940313797,0.08013824000105185,0.295193650795702,81.12398155992221,0.0032266389160145736,0.0007680078119960648,0.0007977359853486084,6.400000083574129,0.41996945168804545
0.02557440000010491,0.083299573825559,0.40064000032772196,0.000417674061625799,0.45440126976264267,0.01664027066456621,18.47052808357151,0.00018063367880627595,0.016027648000210372,0.0590387301591404,16.224796311984445,0.40064532778320294,0.00015360156239921298,0.0001595471970697217,2.080000016714826,0.0839938903376091
0.8051148800000211,0.0166599147651118,0.4801280000655444,0.40008353481232517,0.09088025395252854,0.003328054132913242,62.01410561671431,3.612673576125519e-05,0.0032055296000420746,0.4118077460318281,3.644959262396889,0.4801290655566406,0.4000307203124799,3.190943941394434e-05,0.4160000033429652,0.41679877806752186
0.16102297600000423,0.0033319829530223605,0.09602560001310889,0.8800167069624651,0.01817605079050571,0.4006656108265827,12.402821123342862,7.225347152251039e-06,0.0006411059200084149,0.8823615492063657,1.1289918524793778,0.49602581311132815,0.08000614406249598,0.4000063818878828,0.08320000066859305,0.08335975561350438
0.4322045952000009,0.0006663965906044721,0.01920512000262178,0.17600334139249305,0.003635210158101142,0.08013312216531654,2.480564224668573,40.00000144506943,3.6001282211840016,0.17647230984127316,0.2257983704958756,0.49920516262226566,0.016001228812499196,0.4800012763775766,0.01664000013371861,0.016671951122700878
0.4864409190400002,0.4001332793181209,0.0038410240005243563,0.03520066827849861,0.0007270420316202284,0.016026624433063307,0.4961128449337146,8.000000289013887,0.7200256442368004,0.035294461968254635,0.04515967409917512,0.49984103252445317,0.0032002457624998393,0.09600025527551533,0.0033280000267437225,0.003334390224540176
0.09728818380800004,0.4800266558636242,0.0007682048001048713,0.0070401336556997225,0.00014540840632404567,0.0032053248866126616,0.09922256898674292,2.0000000578027772,6.944005128847361,0.007058892393650928,0.009031934819835025,0.09996820650489063,0.0006400491524999679,0.8192000510551031,0.4006656000053488,0.0006668780449080353
0.41945763676160003,0.09600533117272485,0.400153640960021,0.0014080267311399445,2.9081681264809135e-05,0.40064106497732255,0.019844513797348584,0.4000000115605555,2.1888010257694726,0.4014117784787302,0.40180638696396703,9.53999364130098,0.4001280098305,0.16384001021102063,0.8801331200010698,0.00013337560898160706
0.48389152735232005,0.01920106623454497,0.0800307281920042,0.40028160534622803,5.816336252961827e-06,0.08012821299546452,0.003968902759469717,0.0800000023121111,0.4377602051538945,0.08028235569574604,0.8803612773927935,7.507998728260197,0.4800256019661,0.8327680020422041,79.77602662400022,2.6675121796321412e-05
0.09677830547046401,0.403840213246909,0.016006145638400842,0.08005632106924561,1.1632672505923657e-06,0.4160256425990929,0.40079378055189396,7.296000000462422,0.0875520410307789,0.01605647113914921,0.1760722554785587,1.5015997456520394,0.09600512039322001,0.16655360040844083,54.35520532480005,5.3350243592642824e-06
0.019355661094092803,0.08076804264938181,0.4032012291276802,0.016011264213849123,0.8000002326534502,0.0832051285198186,0.48015875611037884,30.419200000092488,0.01751040820615578,39.76321129422784,0.035214451095711745,1.900319949130408,0.019201024078644005,0.4333107200816882,10.87104106496001,2.4000010670048724
0.0038711322188185607,0.4161536085298764,0.08064024582553604,0.003202252842769825,0.56000004653069,0.4166410257039637,0.49603175122207577,6.083840000018498,0.0035020816412311565,42.11264225884557,0.00704289021914235,0.3800639898260816,0.003840204815728801,0.08666214401633765,2.5742082129920023,0.4800002134009745
0.0007742264437637122,0.4832307217059753,0.016128049165107208,0.0006404505685539651,0.11200000930613802,22.08332820514079,0.09920635024441515,1.2167680000036996,0.40070041632824627,66.50252845176911,0.4014085780438285,0.47601279796521634,1.600768040963146,0.01733242880326753,0.5148416425984005,0.09600004268019491
0.00015484528875274245,0.4966461443411951,0.40322560983302147,4.400128090113711,0.4224000018612276,4.416665641028159,0.01984127004888303,0.2433536000007399,0.8801400832656493,13.300505690353823,0.08028171560876571,0.09520255959304327,0.7201536081926292,0.003466485760653506,0.1029683285196801,0.419200008536039
0.8000309690577506,0.09932922886823903,0.0806451219666043,80.48002561802275,0.48448000037224553,0.8833331282056318,0.003968254009776607,0.048670720000147986,0.17602801665312987,2.6601011380707646,0.016056343121753143,0.019040511918608657,0.14403072163852584,0.4006932971521307,0.02059366570393602,0.0838400017072078
0.16000619381155012,0.41986584577364783,0.4161290243933209,16.096005123604552,0.4968960000744491,25.536666625641125,0.0007936508019553214,0.009734144000029598,0.03520560333062597,0.9320202276141529,0.0032112686243506287,0.0038081023837217317,0.02880614432770517,0.08013865943042614,0.4041187331407872,0.01676800034144156
0.03200123876231003,0.08397316915472958,0.4832258048786642,3.2192010247209106,0.49937920001488983,5.107333325128225,0.4001587301603911,0.40194682880000593,0.007041120666125195,60.98640404552283,0.40064225372487017,0.0007616204767443464,0.005761228865541035,0.01602773188608523,0.08082374662815744,0.0033536000682883125
0.40640024775246203,0.41679463383094595,0.09664516097573284,70.24384020494419,0.09987584000297797,1.4214666650256453,0.48003174603207827,0.08038936576000119,0.001408224133225039,83.39728080910457,0.08012845074497404,0.4001523240953489,0.001152245773108207,0.003205546377217046,0.01616474932563149,0.0006707200136576625
0.08128004955049241,0.8833589267661892,0.01932903219514657,67.64876804098884,0.019975168000595594,0.6842933330051291,0.09600634920641565,0.016077873152000238,0.0002816448266450078,17.879456161820915,61.136025690149,0.4800304648190698,0.00023044915462164142,0.0006411092754434092,0.003232949865126298,0.40013414400273156
0.01625600991009848,45.93667178535324,0.8038658064390294,13.92975360819777,0.003995033600119119,0.13685866660102583,0.019201269841283133,0.4032155746304001,5.632896532900157e-05,3.5758912323641834,66.2272051380298,0.09600609296381396,1.2000460898309244,0.00012822185508868186,0.0006465899730252597,0.08002682880054632
0.0032512019820196965,9.187334357070648,0.1607731612878059,3.185950721639554,0.0007990067200238238,0.027371733320205167,2.403840253968257,0.08064311492608002,1.1265793065800315e-05,0.7151782464728367,14.445441027605963,0.019201218592762793,0.2400092179661849,2.5644371017736374e-05,0.00012931799460505193,0.016005365760109264
0.40065024039640396,2.2374668714141297,0.032154632257561176,0.6371901443279109,0.00015980134400476478,40.16547434666405,1.6807680507936515,0.016128622985216005,2.000002253158613,0.9430356492945674,2.8890882055211926,0.0038402437185525587,0.04800184359323698,5.1288742035472755e-06,0.400025863598921,0.003201073152021853
0.0801300480792808,0.447493374282826,29.84643092645151,0.12743802886558217,3.196026880095296e-05,8.03309486933281,0.33615361015873035,0.003225724597043201,0.4000004506317226,0.5886071298589135,0.5778176411042385,0.0007680487437105118,0.009600368718647397,0.8000010257748408,0.0800051727197842,0.0006402146304043707
0.016026009615856162,0.08949867485656521,5.9692861852903025,0.8254876057731165,6.392053760190592e-06,2.4066189738665624,0.06723072203174607,0.0006451449194086402,0.8800000901263446,0.1177214259717827,0.5155635282208477,0.40015360974874215,1.6019200737437296,0.16000020515496816,0.016001034543956842,0.4001280429260809
0.0032052019231712326,1.6178997349713131,1.5938572370580606,0.5650975211546233,1.2784107520381185e-06,0.4813237947733125,0.013446144406349215,0.40012902898388175,0.17600001802526893,0.023544285194356543,0.10311270564416955,25.920030721949747,78.72038401474875,0.03200004103099363,0.0032002069087913687,0.4800256085852162
0.0006410403846342466,0.7235799469942626,0.3187714474116121,0.11301950423092466,2.5568215040762374e-07,0.49626475895466254,0.0026892288812698432,0.08002580579677636,0.035200003605053785,0.40470885703887133,0.02062254112883391,5.58400614438995,15.744076802949749,0.006400008206198727,0.0006400413817582738,1.2960051217170434
0.4001282080769269,0.14471598939885252,0.06375428948232242,0.42260390084618493,5.113643008152475e-08,0.09925295179093252,0.0005378457762539687,0.016005161159355272,0.007040000721010757,0.08094177140777427,0.4041245082257668,1.11680122887799,3.14881536058995,0.0012800016412397456,0.00012800827635165476,0.6592010243434088
0.08002564161538539,0.42894319787977053,0.012750857896464485,0.08452078016923699,24.160000010227286,0.019850590358186506,0.4001075691552508,0.003201032231871055,0.0014080001442021515,0.4161883542815549,0.4808249016451534,0.623360245775598,1.02976307211799,0.400256000328248,2.5601655270330954e-05,0.13184020486868175
0.01600512832307708,0.08578863957595412,0.002550171579292897,0.4169041560338474,4.832000002045458,0.003970118071637301,0.08002151383105016,0.4006402064463742,0.00028160002884043033,0.08323767085631098,0.4961649803290307,0.1246720491551196,0.605952614423598,0.0800512000656496,5.1203310540661915e-06,0.02636804097373635
46.003201025664616,0.017157727915190824,0.4005100343158586,0.08338083120676948,1.3664000004090915,0.8007940236143275,0.41600430276621003,0.08012804128927485,0.40005632000576813,0.016647534171262197,0.09923299606580616,0.02493440983102392,0.12119052288471961,0.01601024001312992,1.0240662108132383e-06,0.00527360819474727
9.600640205132924,0.003431545583038165,0.08010200686317172,0.816676166241354,0.2732800000818183,0.1601588047228655,0.08320086055324201,0.416025608257855,0.08001126400115363,0.0033295068342524396,0.01984659921316123,0.004986881966204785,0.024238104576943923,40.00320204800263,2.048132421626477e-07,0.0010547216389494541
1.9201280410265849,0.40068630911660763,0.016020401372634344,0.5633352332482708,0.054656000016363664,0.0320317609445731,0.016640172110648402,0.08320512165157101,0.016002252800230727,0.4006659013668505,0.003969319842632247,0.000997376393240957,32.96484762091539,8.000640409600527,4.096264843252954e-08,0.00021094432778989084
0.384025608205317,0.08013726182332154,2.403204080274527,0.11266704664965417,0.010931200003272733,0.006406352188914621,0.0033280344221296807,0.016641024330314204,0.40320045056004616,0.0801331802733701,26.400793863968527,0.4001994752786482,7.792969524183079,1.6001280819201054,8.192529686505908e-09,0.400042188865558
0.0768051216410634,0.4160274523646643,0.8806408160549055,0.4225334093299309,0.40218624000065456,0.40128127043778294,0.400665606884426,0.40332820486606286,0.08064009011200923,0.016026636054674023,5.680158772793706,0.48003989505572964,2.3585939048366162,0.7200256163840211,40.240000001638506,0.48000843777311164
0.01536102432821268,66.40320549047294,0.5761281632109811,0.08450668186598619,0.08043724800013091,0.0802562540875566,0.8801331213768853,0.08066564097321258,0.01612801802240185,0.0032053272109348048,1.9360317545587413,0.09600797901114594,1.2717187809673234,0.14400512327680423,8.048000000327702,0.8960016875546224
0.003072204865642536,57.120641098094595,0.11522563264219624,0.016901336373197236,0.01608744960002618,4.816051250817512,0.5760266242753771,0.8161331281946426,0.00322560360448037,0.000641065442186961,2.3872063509117485,0.019201595802229188,0.25434375619346467,2.828801024655361,1.6096000000655406,0.17920033751092448
0.0006144409731285073,78.62412821961892,0.02304512652843925,0.8033802672746395,37.84321748992,23.283210250163503,0.5152053248550754,0.16322662563892854,0.4006451207208961,0.00012821308843739222,0.4774412701823497,0.4038403191604459,0.05086875123869294,0.5657602049310723,0.32192000001310817,3.2358400675021852
0.00012288819462570147,84.04482564392379,0.00460902530568785,0.16067605345492791,71.72864349798401,4.6566420500327,0.10304106497101509,0.43264532512778575,0.48012902414417924,2.5642617687478446e-05,0.49548825403646996,0.08076806383208918,0.4101737502477386,0.11315204098621445,0.06438400000262164,0.6471680135004371
2.4577638925140295e-05,83.60896512878476,0.0009218050611375701,76.43213521069099,14.745728699596803,1.3313284100065401,0.02060821299420302,0.08652906502555716,0.09602580482883585,5.12852353749569e-06,0.09909765080729399,0.016153612766417837,2.0820347500495475,0.4226304081972429,0.012876800000524328,0.1294336027000874
45.36000491552779,16.721793025756952,40.00018436101223,80.24642704213821,2.949145739919361,22.266265682001308,40.24412164259884,0.017305813005111432,0.019205160965767173,0.4000010257047075,0.41981953016145884,0.0032307225532835675,1.2164069500099095,0.08452608163944858,0.002575360000104866,0.8258867205400175
9.072000983105559,3.3443586051513905,9.200036872202446,16.049285408427643,0.5898291479838722,5.653253136400262,8.04882432851977,0.4034611626010223,0.003841032193153435,0.08000020514094151,0.08396390603229177,0.0006461445106567135,0.6432813900019819,0.016905216327889716,0.0005150720000209732,0.9651773441080036
1.8144001966211118,0.6688717210302781,1.8400073744404892,41.20985708168553,1.3179658295967747,1.1306506272800525,1.609764865703954,0.08069223252020447,0.000768206438630687,0.016000041028188302,1.2167927812064585,0.0001292289021313427,0.5286562780003964,0.40338104326557794,0.00010301440000419466,0.19303546882160072
0.3628800393242224,0.13377434420605563,0.36800147488809787,8.241971416337107,0.26359316591935494,0.22613012545601052,0.32195297314079085,0.016138446504040893,0.00015364128772613742,0.0032000082056376604,0.2433585562412917,0.40002584578042627,0.5057312556000793,0.08067620865311559,1.600020602880001,0.038607093764320144
0.4725760078648445,0.02675486884121113,4.07360029497762,1.6483942832674214,0.452718633183871,0.8452260250912021,0.06439059462815817,0.003227689300808179,0.8000307282575453,0.0006400016411275321,0.4486717112482584,0.48000516915608527,0.5011462511200159,0.01613524173062312,0.32000412057600025,0.40772141875286405
0.0945152015729689,0.005350973768242226,78.81472005899552,1.1296788566534843,0.09054372663677421,0.16904520501824044,34.652878118925635,0.0006455378601616358,0.16000614565150906,0.00012800032822550642,0.48973434224965173,0.09600103383121705,0.10022925022400318,0.003227048346124624,0.06400082411520006,0.08154428375057282
0.01890304031459378,0.40107019475364847,15.762944011799105,0.22593577133069687,0.018108745327354844,0.03380904100364809,7.330575623785128,0.00012910757203232716,0.03200122913030181,2.5600065645101285e-05,0.09794686844993035,0.019200206766243413,0.8200458500448007,0.0006454096692249248,0.012800164823040012,0.8163088567501147
0.40378060806291877,0.0802140389507297,82.35258880235982,0.4451871542661394,0.003621749065470969,0.006761808200729618,4.266115124757026,0.40002582151440647,0.4064002458260604,0.40000512001312905,0.019589373689986072,0.4038400413532487,0.16400917000896015,0.00012908193384498498,0.402560032964608,0.16326177135002296
50.480756121612586,0.41604280779014596,80.15051776047196,0.48903743085322793,0.40072434981309424,0.0013523616401459237,1.6532230249514053,0.0800051643028813,2.081280049165212,0.48000102400262584,0.40391787473799723,0.08076800827064974,0.43280183400179206,0.40002581638676904,0.08051200659292161,1.2326523542700047
10.096151224322519,0.4832085615580292,16.030103552094392,0.49780748617064563,0.08014486996261885,0.4002704723280292,0.3306446049902811,0.41600103286057627,0.4162560098330424,37.85600020480053,0.08078357494759945,0.016153601654129948,0.08656036680035842,0.08000516327735381,0.41610240131858434,0.646530470854001
31.219230244864505,0.49664171231160587,3.2060207104188785,0.8995614972341291,0.4160289739925238,0.08005409446560585,0.8661289209980563,0.08320020657211526,0.08325120196660848,7.971200040960107,0.016156714989519892,0.0032307203308259897,0.4173120733600717,0.016001032655470763,0.4832204802637169,0.1293060941708002
40.563846048972906,1.2993283424623214,1.0412041420837759,0.17991229944682585,0.08320579479850476,0.01601081889312117,0.17322578419961127,0.41664004131442306,0.4166502403933217,1.5942400081920214,0.0032313429979039785,0.000646144066165198,0.08346241467201435,0.0032002065310941527,0.09664409605274338,0.025861218834160038
56.512769209794584,0.2598656684924643,0.20824082841675517,0.03598245988936517,6.016641158959701,0.003202163778624234,0.03464515683992225,0.48332800826288463,0.08333004807866434,0.7188480016384043,0.4006462685995808,0.0001292288132330396,0.41669248293440286,0.40064004130621883,0.8193288192105487,0.005172243766832008
11.302553841958918,0.05197313369849286,0.041648165683351036,0.007196491977873035,2.4033282317919404,0.0006404327557248469,0.006929031367984451,0.09666560165257693,67.29666600961573,0.14376960032768088,0.4801292537199162,0.4000258457626466,0.4833384965868806,0.4801280082612438,0.16386576384210974,0.4010344487533664
2.6605107683917835,0.010394626739698572,0.008329633136670208,0.40143929839557463,0.4806656463583881,0.0001280865511449694,0.0013858062735968902,0.019333120330515388,93.45933320192314,0.028753920065536176,0.49602585074398325,0.08000516915252932,23.29666769931738,0.09602560165224877,0.03277315276842195,0.08020688975067329
0.5321021536783567,40.64207892534794,0.4016659266273341,0.8802878596791149,0.49613312927167763,2.561731022899388e-05,0.4002771612547194,0.003866624066103078,18.691866640384628,0.40575078401310727,0.09920517014879665,0.016001033830505867,5.059333539863476,0.41920512033044977,0.0065546305536843905,0.4160413779501347
0.10642043073567134,8.128415785069588,0.48033318532546687,7.3760575719358235,0.09922662585433553,5.123462045798776e-06,0.08005543225094389,0.0007733248132206156,3.738373328076926,0.08115015680262146,0.41984103402975936,0.4032002067661012,1.0118667079726953,0.08384102406608995,1.201310926110737,0.483208275590027
0.02128408614713427,2.0256831570139178,0.09606663706509339,53.315211514387165,0.41984532517086715,0.40000102469240917,0.4160110864501888,0.4001546649626441,1.1476746656153853,0.41623003136052433,0.4839682068059519,0.08064004135322024,0.20237334159453907,0.01676820481321799,0.24026218522214743,0.0966416551180054
0.004256817229426855,0.8051366314027836,0.019213327413018677,10.663042302877434,0.08396906503417344,45.520000204938476,0.48320221729003776,0.08003093299252884,0.22953493312307707,0.4832460062721049,0.09679364136119038,0.016128008270644048,0.040474668318907815,0.0033536409626435983,0.04805243704442949,0.4193283310236011
0.4008513634458854,0.9610273262805568,0.0038426654826037355,2.132608460575487,0.016793813006834687,43.6640000409877,0.09664044345800755,0.016006186598505768,40.045906986624615,0.496649201254421,0.019358728272238078,0.40322560165412885,1.2080949336637818,0.40067072819252875,0.009610487408885898,0.48386566620472027
0.4801702726891771,0.19220546525611137,1.200768533096521,0.8265216921150974,0.0033587626013669375,8.732800008197541,43.0593280886916,0.4032012373197012,8.009181397324923,0.0993298402508842,0.0038717456544476157,0.08064512033082577,0.6416189867327564,0.08013414563850575,0.0019220974817771798,0.8967731332409441
0.49603405453783544,0.03844109305122228,0.2401537066193042,0.1653043384230195,0.0006717525202733876,1.7465600016395084,9.411865617738322,0.4806402474639403,2.001836279464985,0.019865968050176843,0.40077434913088955,0.016129024066165155,0.12832379734655128,40.0160268291277,0.00038441949635543597,0.5793546266481888
0.0992068109075671,3.2076882186102447,0.4480307413238609,0.0330608676846039,0.0001343505040546775,0.3493120003279017,1.8823731235476644,0.8961280494927881,0.400367255892997,0.40397319361003536,2.080154869826178,0.40322580481323306,0.025664759469310256,10.803205365825542,7.68838992710872e-05,0.5158709253296379
0.01984136218151342,50.16153764372205,0.08960614826477219,0.4066121735369208,0.40002687010081095,0.4698624000655804,0.7764746247095329,0.17922560989855763,12.160073451178599,0.08079463872200708,0.41603097396523564,0.48064516096264664,0.005132951893862051,2.1606410731651087,0.4000153767798542,1.7031741850659277
0.003968272436302684,90.03230752874441,0.017921229652954437,0.08132243470738416,0.0800053740201622,0.09397248001311609,0.5552949249419066,0.03584512197971153,22.832014690235724,0.016158927744401416,0.08320619479304714,0.49612903219252935,0.0010265903787724103,0.43212821463302176,0.08000307535597084,0.7406348370131856
0.0007936544872605369,93.20646150574889,0.0035842459305908876,0.016264486941476832,0.01600107480403244,0.01879449600262322,0.11105898498838132,0.007169024395942306,4.566402938047145,0.0032317855488802833,0.016641238958609427,0.09922580643850587,1.6002053180757545,0.08642564292660436,40.256000615071194,0.14812696740263712
0.0001587308974521074,19.041292301149777,0.8007168491861182,0.4032528973882954,0.003200214960806488,0.0037588992005246438,0.022211796997676267,0.0014338048791884613,0.913280587609429,0.0006463571097760567,0.0033282477917218854,40.419845161287704,0.32004106361515094,0.4172851285853209,8.85120012301424,0.029625393480527423
3.174617949042148e-05,3.808258460229956,0.9601433698372237,0.4806505794776591,0.4006400429921613,0.40075177984010496,0.40444235939953527,0.8002867609758377,0.18265611752188582,0.00012927142195521133,58.48066564955834,8.08396903225754,0.8640082127230302,0.08345702571706419,1.770240024602848,0.4059250786961055
0.4000063492358981,0.7616516920459913,6.272028673967445,0.09613011589553183,0.08012800859843228,0.080150355968021,0.08088847187990705,0.16005735219516756,0.03653122350437717,0.4000258542843911,11.696133129911669,1.6167938064515082,0.17280164254460606,0.01669140514341284,0.35404800492056965,0.0811850157392211
0.48000126984717967,38.1523303384092,28.614405734793493,0.4192260231791064,0.4160256017196865,0.016030071193604202,0.8161776943759814,0.03201147043903351,0.007306244700875434,0.08000517085687822,2.339226625982334,0.7233587612903016,0.43456032850892123,0.0033382810286825683,0.870809600984114,0.41623700314784423
0.496000253969436,7.630466067681841,5.722881146958699,0.08384520463582129,0.4832051203439373,0.0032060142387208405,0.1632355388751963,0.006402294087806702,0.001461248940175087,0.016001034171375644,0.8678453251964668,0.14467175225806034,0.08691206570178425,0.0006676562057365137,0.1741619201968228,0.08324740062956885
0.0992000507938872,1.5260932135363683,1.1445762293917399,0.016769040927164258,0.09664102406878747,1.2006412028477444,0.03264710777503926,0.0012804588175613406,0.0002922497880350174,0.0032002068342751287,0.17356906503929337,0.4289343504516121,0.41738241314035684,0.00013353124114730275,0.03483238403936456,0.4166494801259138
3.2198400101587774,0.7052186427072737,0.628915245878348,0.0033538081854328516,0.019328204813757494,11.28012824056955,0.006529421555007852,0.0002560917635122681,5.844995760700348e-05,0.0006400413668550258,0.034713813007858675,0.48578687009032245,0.08347648262807138,2.670624822946055e-05,0.006966476807872913,0.08332989602518276
1.0439680020317557,0.14104372854145475,0.5257830491756696,0.0006707616370865703,0.003865640962751499,3.85602564811391,1.6013058843110017,0.8000512183527025,1.1689991521400697e-05,38.00012800827337,0.40694276260157175,0.0971573740180645,0.8166952965256143,0.40000534124964593,0.0013932953615745827,1.2166659792050367
1.0087936004063511,0.428208745708291,0.10515660983513393,0.40013415232741734,0.40077312819255034,1.171205129622782,0.7202611768622004,0.1600102436705405,2.4000023379983046,7.600025601654675,0.8813885525203144,0.019431474803612903,0.16333905930512288,0.8800010682499293,0.00027865907231491654,0.6433331958410073
0.20175872008127024,0.8856417491416583,0.021031321967026787,0.08002683046548348,0.08015462563851007,0.2342410259245564,0.5440522353724401,0.43200204873410813,0.480000467599661,1.9200051203309352,64.89627771050408,0.4038862949607226,0.032667811861024576,0.17600021364998586,5.573181446298331e-05,0.12866663916820148
0.04035174401625405,0.17712834982833167,0.004206264393405357,0.41600536609309674,0.416030925127702,0.4468482051849113,0.10881044707448802,0.08640040974682163,0.0960000935199322,0.7840010240661871,74.49925554210083,0.4807772589921445,38.24653356237221,0.035200042729997175,0.40001114636289264,0.025733327833640296
0.00807034880325081,0.8354256699656664,0.0008412528786810715,0.08320107321861936,0.4832061850255404,0.4893696410369823,0.021762089414897604,0.017280081949364326,0.4192000187039865,40.39680020481324,14.899851108420165,0.4961554517984289,7.649306712474441,0.4070400085459995,0.08000222927257854,0.40514666556672807
0.40161406976065017,0.9670851339931333,0.00016825057573621432,0.4166402146437239,0.09664123700510809,17.297873928207395,0.004352417882979521,0.4034560163898729,0.08384000374079731,8.079360040962648,2.979970221684033,0.4992310903596858,1.9298613424948883,0.0814080017091999,0.016000445854515707,0.4810293331133456
0.48032281395213006,0.19341702679862668,3.365011514724287e-05,0.4833280429287448,0.01932824740102162,3.859574785641479,0.40087048357659594,0.08069120327797458,0.016768000748159463,1.6158720081925297,55.79599404433681,1.6998462180719374,0.7859722684989777,0.41628160034184003,0.0032000891709031416,0.49620586662266913
0.896064562790426,40.03868340535973,0.8000067300230295,0.496665608585749,0.40386564948020437,0.7719149571282958,0.08017409671531919,0.016138240655594917,0.003353600149631893,0.32317440163850597,64.99919880886736,0.7399692436143875,0.15719445369979557,0.08325632006836801,0.0006400178341806283,0.4992411733245339
0.17921291255808522,8.407736681071945,0.16000134600460592,0.09933312171714981,0.08077312989604088,66.23438299142566,0.01603481934306384,0.0032276481311189834,0.4006707200299264,0.06463488032770119,12.999839761773472,0.14799384872287752,0.03143889073995911,0.8166512640136736,0.8001280035668362,0.4998482346649068
0.035842582511617045,1.6815473362143891,0.03200026920092119,0.41986662434343,0.016154625979208175,88.04687659828514,0.0032069638686127683,0.4006455296262238,0.4801341440059853,0.01292697606554024,2.5999679523546946,25.78959876974458,0.006287778147991823,0.5633302528027347,0.9600256007133673,0.09996964693298137
0.007168516502323409,0.33630946724287786,0.0064000538401842375,0.083973324868686,0.40323092519584164,18.00937531965703,0.40064139277372257,0.08012910592524476,0.09602682880119706,0.002585395213108048,0.519993590470939,8.277919753948916,0.0012575556295983646,0.11266605056054696,0.9920051201426735,0.4199939293865963
0.001433703300464682,0.06726189344857557,0.4012800107680369,0.0167946649737372,0.48064618503916834,4.001875063931406,0.48012827855474455,2.416025821185049,0.8192053657602395,0.4005170790426216,58.0239987180942,1.6555839507897834,0.0002515111259196729,0.4225332101121094,0.1984010240285347,0.08399878587731927
74.40028674066009,0.013452378689715114,0.08025600215360738,0.00335893299474744,0.09612923700783367,1.2003750127862811,0.09602565571094891,0.8832051642370099,0.1638410731520479,0.48010341580852434,11.604799743618841,0.7311167901579567,0.40005030222518395,0.08450664202242189,0.03968020480570694,0.016799757175463854
75.68005734813202,0.002690475737943023,0.016051200430721477,0.40067178659894953,77.61922584740158,0.6400750025572562,0.019205131142189785,0.17664103284740199,0.4327682146304096,0.4960206831617049,2.320959948723768,0.5462233580315914,0.08001006044503679,0.01690132840448438,0.007936040961141389,0.4033599514350928
15.536011469626406,0.40053809514758865,0.8032102400861444,36.08013435731979,94.72384516948031,0.12801500051145126,0.803841026228438,0.4353282065694804,0.08655364292608192,2.899204136632341,1.664191989744754,0.10924467160631829,0.01600201208900736,0.003380265680896876,0.001587208192228278,0.8806719902870186
3.1072022939252815,0.48010761902951776,44.16064204801723,29.616026871463962,18.944769033896062,0.025603000102290253,0.1607682052456876,0.08706564131389609,0.017310728585216383,0.9798408273264683,0.3328383979489508,0.02184893432126366,0.003200402417801472,0.0006760531361793753,0.0003174416384456556,0.17613439805740372
1.4214404587850564,0.09602152380590356,8.832128409603447,5.923205374292793,3.7889538067792126,0.005120600020458051,0.43215364104913756,0.01741312826277922,0.003462145717043277,0.19596816546529366,0.06656767958979017,0.0043697868642527315,10.48064008048356,0.4001352106272359,6.348832768913113e-05,0.035226879611480744
0.2842880917570113,0.41920430476118076,2.1664256819206895,1.1846410748585585,1.1577907613558427,0.0010241200040916104,0.08643072820982751,0.003482625652555844,0.4006924291434087,0.43919363309305876,0.013313535917958034,0.0008739573728505463,24.496128016096716,0.08002704212544719,0.4000126976655379,0.007045375922296149
0.45685761835140226,0.08384086095223615,0.8332851363841379,0.2369282149717117,0.6315581522711686,0.40020482400081836,0.017286145641965504,0.4006965251305112,0.08013848582868174,0.08783872661861175,0.40266270718359165,0.00017479147457010927,4.899225603219343,0.016005408425089438,0.08000253953310758,0.40140907518445923
0.4913715236702805,0.016768172190447232,0.5666570272768277,0.44738564299434236,0.5263116304542338,0.08004096480016368,0.4034572291283931,0.48013930502610225,0.4160276971657364,0.4175677453237224,0.8805325414367184,3.495829491402185e-05,0.9798451206438687,54.24320108168502,0.4160005079066215,0.08028181503689186
0.8982743047340561,0.0033536344380894465,0.5133314054553656,0.08947712859886847,79.70526232609086,0.016008192960032735,0.08069144582567862,0.49602786100522045,0.08320553943314729,0.8835135490647446,0.5761065082873438,6.991658982804371e-06,0.19596902412877376,89.24864021633701,0.0832001015813243,0.016056363007378373
0.17965486094681124,0.4006707268876179,0.10266628109107312,2.817895425719774,80.10105246521819,0.0032016385920065472,0.016138289165135725,0.4992055722010441,0.01664110788662946,0.17670270981294892,0.11522130165746876,0.4000013983317966,0.039193804825754755,94.24972804326741,0.016640020316264863,0.0032112726014756746
0.03593097218936225,0.08013414537752359,0.020533256218214627,0.9635790851439548,16.02021049304364,0.40064032771840136,0.003227657833027145,0.49984111444020884,0.003328221577325892,0.03534054196258978,0.023044260331493753,0.48000027966635933,0.407838760965151,84.3699456086535,0.003328004063252973,0.000642254520295135
0.00718619443787245,0.41602682907550476,0.0041066512436429255,0.19271581702879098,3.2040420986087277,0.08012806554368028,0.40064553156660543,0.49996822288804177,0.8006656443154653,77.60706810839253,0.00460885206629875,0.09600005593327188,0.0815677521930302,22.1539891217307,0.0006656008126505946,0.000128450904059027
0.00143723888757449,0.483205365815101,0.4008213302487286,0.038543163405758196,0.6408084197217456,0.016025613108736056,0.4801291063133211,0.09999364457760836,0.16013312886309305,89.6014136216785,0.0009217704132597501,40.81920001118666,0.4163135504386061,82.83079782434615,0.00013312016253011892,2.56901808118054e-05
0.4002874477775149,0.4966410731630202,0.8801642660497457,0.007708632681151639,0.9281616839443492,0.40320512262174724,0.09602582126266423,0.8199987289155217,0.03202662577261861,17.920282724335703,0.00018435408265195003,8.163840002237333,18.80326271008772,16.56615956486923,2.6624032506023787e-05,0.8000051380361624
0.08005748955550299,0.899328214632604,0.17603285320994916,0.001541726536230328,0.5856323367888698,40.64064102452435,0.01920516425253285,0.16399974578310436,0.40640532515452377,4.384056544867141,3.6870816530390005e-05,1.6327680004474665,3.760652542017544,3.7132319129738462,5.3248065012047575e-06,0.16000102760723248
0.016011497911100597,0.17986564292652082,0.035206570641989836,0.00030834530724606563,0.11712646735777398,8.12812820490487,0.00384103285050657,0.4327999491566209,0.08128106503090476,0.8768113089734282,7.374163306078002e-06,0.3265536000894933,0.7521305084035088,1.1426463825947692,1.0649613002409516e-06,28.592000205521447
0.00320229958222012,0.035973128585304166,0.0070413141283979675,0.40006166906144924,0.023425293471554795,1.6256256409809742,0.4007682065701013,0.4865599898313242,0.416256213006181,0.5753622617946856,1.4748326612156004e-06,0.4653107200178987,0.15042610168070178,38.62852927651896,2.1299226004819035e-07,5.71840004110429
0.000640459916444024,0.007194625717060834,0.0014082628256795937,0.48001233381228986,0.404685058694311,0.7251251281961949,0.08015364131402027,0.49731199796626485,0.4832512426012362,0.11507245235893714,0.4000002949665323,0.09306214400357975,0.4300852203361404,7.725705855303793,4.259845200963807e-08,1.143680008220858
0.4001280919832888,0.0014389251434121669,0.00028165256513591877,0.09600246676245798,0.0809370117388622,0.145025025639239,0.4160307282628041,0.09946239959325298,0.09665024852024724,0.42301449047178746,0.4800000589933065,40.658612428800716,0.08601704406722809,1.5451411710607585,8.519690401927614e-09,0.22873600164417163
0.08002561839665777,0.00028778502868243336,5.6330513027183755e-05,0.019200493352491597,0.41618740234777246,0.029005005127847802,0.8832061456525608,0.019892479918650598,0.01933004970404945,0.0846028980943575,0.4960000117986613,8.531722485760143,0.41720340881344564,42.30902823421215,1.7039380803855228e-09,0.44574720032883436
0.8160051236793316,0.8000575570057366,0.40001126610260546,0.40384009867049836,0.0832374804695545,0.00580100102556956,43.21664122913051,1.2039784959837303,0.00386600994080989,0.0169205796188715,2.4992000023597325,2.106344497152029,0.08344068176268914,10.46180564684243,3.407876160771046e-10,0.4891494400657669
0.16320102473586634,0.16001151140114733,0.0800022532205211,0.08076801973409968,0.0166474960939109,0.40116020020511395,8.643328245826103,0.24079569919674607,0.0007732019881619781,44.40338411592378,0.49984000047194654,1.221268899430406,0.016688136352537828,2.492361129368486,6.815752321542093e-11,0.8978298880131534
0.03264020494717327,0.03200230228022947,0.01600045064410422,0.016153603946819937,0.0033294992187821804,0.0802320400410228,1.7286656491652206,0.04815913983934922,0.40015464039763243,8.880676823184755,0.09996800009438932,0.2442537798860812,0.0033376272705075657,0.8984722258736972,1.3631504643084185e-11,48.17956597760263
0.006528040989434655,0.006400460456045894,0.0032000901288208442,0.0032307207893639877,0.40066589984375645,0.01604640800820456,1.1457331298330442,0.009631827967869844,59.20003092807953,1.776135364636951,0.019993600018877865,0.04885075597721625,1.6006675254541016,0.17969444517473945,12.720000000002727,10.035913195520527
0.001305608197886931,0.4012800920912092,0.0006400180257641689,0.4006461441578728,0.4801331799687513,0.803209281601641,0.22914662596660884,0.401926365593574,91.44000618561591,0.35522707292739025,0.40399872000377557,0.00977015119544325,0.32013350509082034,0.43593888903494793,2.544000000000546,2.0071826391041054
0.00026112163957738623,0.48025601841824184,0.00012800360515283378,0.08012922883157457,0.09602663599375028,0.5606418563203283,0.4458293251933218,0.4803852731187148,18.288001237123183,40.47104541458548,0.08079974400075512,0.40195403023908866,0.06402670101816407,0.0871877778069896,0.5088000000001092,0.4014365278208211
5.222432791547725e-05,0.09605120368364838,0.4000256007210306,0.016025845766314915,0.4192053271987501,0.11212837126406566,0.08916586503866436,24.896077054623742,4.057600247424637,8.094209082917097,0.41615994880015106,0.08039080604781773,0.012805340203632816,0.017437555561397918,0.10176000000002183,0.48028730556416427
0.8000104448655831,0.019210240736729677,0.48000512014420615,0.003205169153262983,0.48384106543975003,0.8224256742528132,0.41783317300773287,76.09921541092476,1.2115200494849274,1.6188418165834193,0.8832319897600303,0.016078161209563548,0.0025610680407265633,0.0034875111122795836,0.4203520000000044,0.09605746111283286
0.16000208897311663,0.0038420481473459356,0.09600102402884124,0.0006410338306525967,0.09676821308795001,0.16448513485056265,0.08356663460154658,40.419843082184954,0.2423040098969855,0.3237683633166839,0.17664639795200607,0.00321563224191271,0.0005122136081453127,0.0006975022224559168,0.08407040000000088,0.4192114922225666
0.03200041779462333,0.0007684096294691871,0.01920020480576825,0.00012820676613051933,0.41935364261759,1.6328970269701126,0.4167133269203093,8.883968616436992,0.0484608019793971,0.4647536726633368,0.03532927959040121,0.000643126448382542,0.00010244272162906256,25.60013950044449,0.016814080000000176,0.08384229844451332
2.806400083558925,0.00015368192589383742,0.00384004096115365,0.4000256413532261,0.48387072852351803,0.3265794053940225,0.08334266538406188,1.7767937232873985,0.009692160395879421,78.49295073453267,0.40706585591808025,0.4001286252896765,0.4000204885443258,5.120027900088899,0.40336281600000007,0.016768459688902667
0.5612800167117851,3.073638517876749e-05,0.0007680081922307301,0.48000512827064523,0.0967741457047036,0.06531588107880451,27.056668533076813,0.35535874465747974,0.0019384320791758843,90.89859014690654,0.08141317118361606,0.48002572505793534,0.08000409770886517,1.0240055800177799,0.08067256320000002,0.0033536919377805336
0.11225600334235702,6.147277035753498e-06,0.00015360163844614603,0.09600102565412905,0.01935482914094072,0.013063176215760903,5.811333706615363,0.47107174893149595,0.0003876864158351769,18.579718029381308,0.41628263423672324,0.09600514501158708,22.016000819541773,0.204801116003556,0.016134512640000005,0.8006707383875562
0.4224512006684714,1.2000012294554074,0.8000307203276893,0.41920020513082584,0.40387096582818816,0.002612635243152181,1.1622667413230727,1.2942143497862995,7.753728316703538e-05,3.715943605876262,0.08325652684734465,0.01920102900231742,4.803200163908355,53.48096022320071,0.003226902528000001,0.16013414767751125
0.08449024013369429,0.2400002458910815,0.16000614406553787,0.8838400410261652,0.48077419316563763,0.0005225270486304362,0.23245334826461456,0.2588428699572599,1.5507456633407077e-05,1.5431887211752524,0.01665130536946893,0.003840205800463484,0.960640032781671,58.296192044640144,0.0006453805056000003,0.03202682953550225
0.016898048026738857,0.8480000491782164,0.032001228813107574,0.17676800820523306,0.09615483863312753,0.00010450540972608725,0.44649066965292294,0.451768573991452,0.40000310149132673,0.3086377442350505,0.003330261073893786,0.0007680411600926968,0.19212800655633422,11.65923840892803,0.00012907610112000006,0.40640536590710047
0.4033796096053478,0.5696000098356433,0.4064002457626215,0.03535360164104661,0.019230967726625508,2.0901081945217453e-05,0.8892981339305847,0.09035371479829041,0.4800006202982654,0.06172754884701011,0.0006660522147787573,0.00015360823201853937,0.43842560131126684,46.571847681785606,2.5815220224000016e-05,0.0812810731814201
0.8806759219210696,0.11392000196712866,0.0812800491525243,0.0070707203282093225,0.003846193545325102,0.40000418021638906,0.5778596267861169,0.018070742959658083,0.4960001240596531,0.41234550976940204,0.00013321044295575146,3.0721646403707876e-05,0.08768512026225338,9.314369536357122,5.163044044800004e-06,0.41625621463628404
0.17613518438421394,0.4227840003934258,0.01625600983050486,0.4014141440656419,0.40076923870906506,0.08000083604327782,0.11557192535722338,0.4036141485919316,0.49920002481193065,0.08246910195388041,2.664208859115029e-05,0.4000061443292808,0.017537024052450677,1.8628739072714244,1.0326088089600007e-06,0.48325124292725685
0.43522703687684283,0.08455680007868516,0.403251201966101,0.08028282881312838,5.760153847741813,0.016000167208655564,0.4231143850714447,68.08072282971838,0.09984000496238614,0.4164938203907761,5.328417718230059e-06,13.280001228865856,40.243507404810494,67.57257478145429,2.0652176179200017e-07,0.09665024858545138
25.447045407375366,0.016911360015737033,0.48065024039322024,0.8160565657626258,1.9520307695483625,0.4032000334417311,0.08462287701428894,56.976144565943684,0.4199680009924773,0.08329876407815523,1.0656835436460118e-06,2.6560002457731713,8.0487014809621,20.71451495629086,4.130435235840004e-08,0.4193300497170903
5.489409081475074,0.4033822720031474,0.09613004807864406,0.16321131315252516,0.39040615390967254,0.08064000668834623,5.216924575402858,11.395228913188738,0.08399360019849546,0.41665975281563106,2.131367087292024e-07,3.7312000491546344,1.60974029619242,4.142902991258172,8.260870471680008e-09,0.4838660099434181
1.0978818162950148,0.08067645440062948,0.019226009615728814,0.032642262630505035,0.07808123078193452,0.016128001337669246,1.0433849150805716,4.679045782637749,0.4167987200396991,0.4833319505631262,4.262734174584048e-08,0.746240009830927,0.321948059238484,0.8285805982516344,1.6521740943360017e-09,0.49677320198868363
0.21957636325900298,0.4161352908801259,10.083845201923145,0.006528452526101007,0.015616246156386904,0.0032256002675338496,0.20867698301611434,1.3358091565275498,0.08335974400793983,0.09666639011262525,0.40000000852546835,0.1492480019661854,0.46438961184769684,0.1657161196503269,0.40000000033043487,0.49935464039773675
0.0439152726518006,0.08322705817602519,2.016769040384629,0.0013056905052202016,0.0031232492312773807,0.4006451200535068,56.36173539660323,0.26716183130550997,0.016671948801587965,0.01933327802252505,0.08000000170509368,0.029849600393237082,0.09287792236953937,0.4331432239300654,0.480000000066087,0.09987092807954735
